:020000040800F2
:1000000060080020A1010008B94B00088110000819
:10001000B54B0008C90900081B900008000000004B
:10002000000000000000000000000000857B0008C8
:10003000CD09000800000000B97600081D82000804
:10004000BB010008BB010008BB010008BB010008A0
:10005000BB010008BB010008BB010008BB01000890
:10006000BB010008BB010008BB010008BB01000880
:10007000BB010008BB010008BB010008BB01000870
:10008000BB010008BB010008BB010008BB01000860
:10009000BB010008BB010008BB010008BB01000850
:1000A000BB010008BB010008BB010008BB01000840
:1000B000BB010008BB010008BD830008BB010008AC
:1000C000BB010008BB010008BB010008BB01000820
:1000D000BB0100083588000861890008958A00087E
:1000E000BB010008BB010008BB010008BB01000800
:1000F000BB010008BB010008BB010008BB010008F0
:10010000BB010008BB010008BB010008BB010008DF
:100110004D850008C9860008BB010008BB01000826
:10012000BB010008BB010008BB010008BB010008BF
:10013000BB010008BB010008BB010008BB010008AF
:10014000BB010008BB010008BB010008BB0100089F
:10015000BB010008BB010008BB010008118C0008AE
:10016000BB010008BB010008BB010008BB0100087F
:10017000BB010008BB010008BB010008BB0100086F
:10018000BB010008BB010008DFF810D000F028FB1D
:1001900000480047ED9F0008AFF300806008002092
:1001A0000648804706480047FEE7FEE7FEE7FEE711
:1001B000FEE7FEE7FEE7FEE7FEE7FEE75583000801
:1001C000890100082DE9FE4F804681EA0300C00F37
:1001D0000C46009021F0004123F00045B8EB0200EE
:1001E000A94105D24046214690461C460B46024690
:1001F00023F00040104347D0270DC7F30A00C3F394
:100200000A510290401A019040286BDAC3F31300A0
:1002100040F4801B0098924620B10023D2EB030AE1
:1002200063EB0B0B01985946C0F14002504600F0B9
:10023000FAF906460D4650465946019A00F012FA60
:1002400010EB08006141002487EA115284EAE77349
:100250001A4340D0009A62B3019A012A4FEA07522A
:1002600015DC001B61EB02014FF0004202EA07526D
:10027000CDE90042001C41F5801132462B4600F0CA
:1002800049FA03B0BDE8F08F40462146F9E7001B6C
:1002900061EB0201001C41F5801300185B4120183E
:1002A000A2F5001747EB030140EAD570B6196D417E
:1002B00011E06D084FEA360645EAC0754FEA07526D
:1002C000001B61EB0201001C41F5801149084FEA57
:1002D00030000019514132462B4603B0BDE8F04FC3
:1002E00000F009BA0098012240000023D0EB02027E
:1002F00063EBE073009821464FEAE074B8EB00002E
:1003000061EB0401E9E783F000435BE781F0004122
:1003100058E72DE9FE4F81EA030404F0004421F080
:10032000004100944FF0000B23F0004350EA010419
:100330005ED052EA03045BD0C3F30A54C1F30A55FA
:100340002C44A4F2F3340194A0FB0254C1F3130132
:1003500041F48011C3F3130343F4801301FB0244FF
:1003600000FB034E840A970A44EA815447EA835704
:10037000A4FB076802958D0A05FB07854FEA932CBD
:1003800004FB0C542705029D4FEA065847EA16372E
:10039000B5EB08056EEB070C870E920E47EA811746
:1003A00042EA8312A7FB0201B6EB0B0164EB0004E7
:1003B0002B0D43EA0C335E1844EB1C50DA465146D1
:1003C000E7FB0201C5F313044FEA0B3343EA14536E
:1003D0004FEA0432019C43EA0603A4F10C040294A0
:1003E000009CCDE900B400F095F903B0BDE8F08FB2
:1003F00000200146F9E72DE9F04D81EA030404F0FD
:10040000004B21F0004514464FF0000A23F0004154
:1004100050EA050220D054EA01021DD0C5F30A5764
:100420000246C5F31303C1F31300C1F30A5640F4A7
:10043000801543F48013A7EB0608101BD64608F27C
:10044000FD3873EB050002D308F1010801E09218B2
:100450005B41B8F1000F03DA00200146BDE8F08DE2
:1004600000204FF48011064684460EE0171B73EB04
:10047000050705D3121B63EB050306434CEA010C89
:1004800049084FEA300092185B4150EA0107EDD16C
:1004900052EA030012D082EA040083EA050108430D
:1004A00005D0101BAB4106D20122002306E000223A
:1004B0004FF0004302E06FF0010253101AEB060008
:1004C0004CEB085110EB0A0041EB0B01BDE8F04D7D
:1004D00000F011B90EB5C10F80EAE0700844CA07F8
:1004E000002140F233438DE80E000A460B4600F02F
:1004F00011F903B000BD70B5C1F30A5201F0004517
:100500000024C1F3130140F2FF3341F480119A42F9
:1005100001DA002070BD40F233439A42A2F2334226
:1005200003DC524200F08EF800E090402C43F1D002
:10053000404270BDC1F30A5210B5C1F3130140F23D
:10054000FF3341F480119A4201DA002010BD40F2DD
:1005500033439A42A2F2334203DC524200F072F873
:1005600010BD904010BD00F0004230F000400AD0B5
:10057000C10D01F56071C0F3160042EA0151C208D5
:1005800040071143704700200146704701F00043C7
:1005900030B421F0004150EA010206D00A0DA2F564
:1005A0006072C1F31301002A02DC30BC00207047E6
:1005B000440F44EAC104C100E01830BC00EBC25053
:1005C00000F062B82DE9F05F0546002092469B4698
:1005D00088460646814640241BE028464146474659
:1005E000224600F02FF853465A46C01A914110D3C4
:1005F00011461846224600F016F82D1A67EB01083E
:100600004F4622460120002100F00DF817EB0009AB
:100610004E41201EA4F10104DFDC484631462A4643
:100620004346BDE8F09F202A04DB203A00FA02F19D
:10063000002070479140C2F1200320FA03F31943D0
:1006400090407047202A04DB203A21FA02F0002172
:10065000704721FA02F3D040C2F1200291400843D2
:1006600019467047202A06DBCB17203A41FA02F0E0
:1006700043EAE07306E041FA02F3D040C2F12002FF
:1006800091400843194670470029A8BF7047401C95
:10069000490008BF20F00100704710B4B0FA80FC98
:1006A00000FA0CF050EA010404BF10BC704749B1D5
:1006B000CCF1200421FA04F411FA0CF118BF012145
:1006C00021430843A3EB0C01CB1D4FEA00614FEA25
:1006D000102042BF002010BC704700EBC3501044F4
:1006E0000029A4BF10BC7047401C490008BF20F07F
:1006F000010010BC704710B5141E73F1000408DA35
:10070000401C41F1000192185B411A4301D120F0D5
:10071000010010BD2DE9F04D92469B4611B1B1FA92
:1007200081F202E0B0FA80F220329046FFF77BFFC0
:1007300004460F4640EA0A0041EA0B0153465A4676
:10074000084313D0114653EA010019D0C8F1400202
:100750005046FFF777FF05460E465046594642463B
:10076000FFF761FF084305D0012004E02046394629
:10077000BDE8F08D0020054346EAE0762C43374380
:100780000A986305E40AA0EB08000022FD0A44EA87
:1007900047540A3002D500200146E9E70105101947
:1007A0006941DDE9084500196941BDE8F04DA2E75E
:1007B00030B5041E71F1000404DB4FF000444042E8
:1007C00064EB0101141E73F1000405DB1C464FF0BD
:1007D0000043524263EB04038B4208BF824230BDA8
:1007E000064C074D06E0E06840F0010394E807007E
:1007F00098471034AC42F6D3FFF7CAFCA4B5000802
:10080000C4B5000870B58C1810F8015B15F007032B
:1008100001D110F8013B2A1106D110F8012B03E099
:1008200010F8016B01F8016B5B1EF9D12B0705D4A1
:100830000023521E0DD401F8013BFAE710F8013BEA
:10084000CB1A921C03E013F8015B01F8015B521E06
:10085000F9D5A142D8D3002070BD000010B53F48A3
:10086000007810B110285BD113E09FED3D0A3D48A0
:1008700080ED000A9FED3A0A3B4880ED000A9FEDAB
:10088000380A3A4880ED000A00F01AFC07F08EFAA8
:1008900062E04FF47A70364908803649088036495C
:1008A00008803648C0883649088034484089354930
:1008B000088032488089344908803448007801280B
:1008C0000ED133480078401C3149087000F05EFAC0
:1008D00004F0BAF907F06AFA00202C4908701EE00B
:1008E0002C48007801281AD100202B4908802B4978
:1008F00008802B4908802B4908802B4908802B4908
:1009000008804FF400602A4908802A4908802A4953
:1009100008802A4908802A4908802A4908801BE063
:1009200000201D4908801D4908801D4908801D4977
:1009300008801D4908801D4908804FF400601C494B
:1009400008801C4908801C4908801C4908801C49F3
:1009500008801C49088000BF00BF10BDF8000020BF
:10096000000000005000002054000020580000202B
:10097000EC000020EE000020F00000201A0400200F
:10098000F2000020F4000020F60000204F000020BC
:10099000280000200E00002080000020820000209F
:1009A0008400002086000020880000208A000020AB
:1009B0005C0000205E00002060000020620000203B
:1009C000640000206600002000BFFEE770470000C2
:1009D0001CB50121082006F071FE0121022006F05D
:1009E0006DFE0121102006F069FE8020009001209C
:1009F0008DF8040000208DF8060003208DF8050016
:100A000001208DF8070069461A4800F039F8802166
:100A1000184800F0A0F84FF47E70009001208DF887
:100A2000040000208DF8060003208DF80500012049
:100A30008DF807006946104800F022F84FF47E71E7
:100A40000D4800F088F80320009001208DF8040084
:100A500000208DF8060003208DF8050001208DF898
:100A600007006946054800F00BF80321034800F031
:100A700072F81CBD000C024000040240001002404D
:100A8000F0B50A4600210023002400BF3DE0012507
:100A900005FA01F3156805EA03049C4234D10568A0
:100AA0004F000326BE40B543056015794E00B540A2
:100AB0000668354305601579012D02D01579022DA0
:100AC00016D185684F000326BE40B5438560557931
:100AD0004E00B540866835438560456801268E40E6
:100AE000B5434560456896798E40B6B2354345605A
:100AF000C5684F000326BE40B543C560D5794E009A
:100B0000B540C6683543C560491C1029BFD3F0BD48
:100B1000F0B5002300244D07ED0E02FA05F3CE10C8
:100B200000F1200555F826504E07F70E0F26BE405F
:100B3000B543CF1000F1200646F82750CE1000F143
:100B4000200555F8265045EA0304CE1000F1200593
:100B500045F82640F0BD0183704700001E4800782C
:100B6000012837D11D480078DD2833D11B48807813
:100B700080BB1A4890F8210077282BD117480079BC
:100B80001749487015484079087008460178407840
:100B900001EB002013490880104880791249487001
:100BA0000E48C079087008460178407801EB0020B3
:100BB0000E4908800948C07D0D4908700748007D2E
:100BC0000C4948700548407D0870002003490870B2
:100BD0000149087070470000FD0000203C0400201F
:100BE00005010020080100200A0100200C0100205E
:100BF0000E0100200F0100202748007801284AD16B
:100C0000264800785A2846D1244840780E2842D1F8
:100C10002248407B69283ED12048C079072835D238
:100C2000DFE800F034040C141C242C001B48C178AD
:100C3000807801EB00201A49088028E01748C17825
:100C4000807801EB00201749088020E01348C17824
:100C5000807801EB00201449088018E00F48C17823
:100C6000807801EB00201149088010E00B48C17822
:100C7000807801EB00200E49088008E00748C17821
:100C8000807801EB00200B49088000E000BF00BF26
:100C90000020014908707047CB000020F1030020BC
:100CA000CC000020CE000020D0000020D200002088
:100CB000D4000020D60000202C480078012853D111
:100CC0002B4800785A284FD1294880780A284BD1E0
:100CD0002748C078002847D125484078072841D2C6
:100CE000DFE800F040040E18222C36002048C079BE
:100CF0001F49897900EB012000B21E49088032E0CB
:100D00001B48C0791A49897900EB012000B21A49C1
:100D1000088028E01648C0791549897900EB012040
:100D200000B2164908801EE01148C079104989793F
:100D300000EB012000B21249088014E00C48C07991
:100D40000B49897900EB012000B20E4908800AE0C6
:100D50000748C0790649897900EB012000B20A49A9
:100D6000088000E000BF00BF704700007F00002047
:100D7000A1030020720000207400002076000020F3
:100D8000780000207A0000207C00002011480078C4
:100D9000AA281ED10F48407855281AD10D488078CE
:100DA0000F2816D101200C49087000200B4908803B
:100DB0000B4908700B480749D1F8061001600A4832
:100DC0000449D1F80A10016008480249D1F80E1010
:100DD000016070475E030020360000200C000020F8
:100DE0000E00002050000020540000205800002079
:100DF0009848007801287CD197480078012879D15B
:100E00009648C07D10B1102875D1FBE0934800785A
:100E10000F2871D1914840789049897840EA0120A3
:100E2000C0F30A008E4948808C488078C0108B49F6
:100E3000C97840EA4110C0F30A0089498880874890
:100E4000C07880118549097940EA81008349497950
:100E500040EA8120C0F30A008149C8807F48407978
:100E600040107E49897940EAC110C0F30A007C49EC
:100E700008817A48807900117849C97940EA0110DF
:100E8000C0F30A00764948817448C079C01173499B
:100E9000097A40EA41007149497A40EA4120C0F3A9
:100EA0000A006F4988816D48407A80106B49897AC1
:100EB00040EA8110C0F30A006949C8816748807A16
:100EC00040116649C97A40EAC10065490882634811
:100ED000007B6249497B40EA0120C0F30A00604977
:100EE00048825E48407BC0105C49897B40EA4110E3
:100EF00003E09EE0ADE09AE073E0C0F30A005849D9
:100F000088825648807B80115449C97B40EA810021
:100F10005249097C40EA8120C0F30A005049C88246
:100F20004E48007C40104D49497C40EAC110C0F356
:100F30000A004B4908834948407C00114749897C95
:100F400040EA0110C0F30A00454948834348807CC9
:100F5000C0114249C97C40EA41004049097D40EA4C
:100F60004120C0F30A003E4988833C48007D801040
:100F70003A49497D40EA8110C0F30A003849C883E4
:100F80003648407D40113549897D40EAC1003449E9
:100F900008840846408833490880314880883249AF
:100FA00008802F480089314908802D48C088304981
:100FB00008802B4840892F490880294880892E497C
:100FC00008802648C07D2D490870012023490870FB
:100FD0000020214908702149087048708870C87045
:100FE0000FE01E48007860B91C48407848B94FF4BB
:100FF0007A701C4908801C4908801C4908801C49DB
:10100000088015E04FF47A70164908801649088068
:10101000164908801248C088154908801048408940
:10102000144908800E4880891349088000E000BFF9
:101030000FE010200949C8750846C07D0F490870A7
:1010400000200849088008490880084908800849A4
:1010500008807047F9000020EB0000200004002009
:101060001A040020F0000020EC000020EE00002018
:10107000F2000020F4000020F6000020F80000201C
:1010800000BFFEE71CB50121084606F017FB302023
:10109000009001208DF8040000208DF80600032048
:1010A0008DF8050001208DF8070069460348FFF719
:1010B000E7FC30210148FFF74EFD1CBD0000024057
:1010C00000B52DED028B91B0FE48008828BBFE488C
:1010D000008810BBFD480088F8B9FD480088E0B9D9
:1010E0000020FC490880FC490880FC490880FC4934
:1010F0000880FC490880FC4908804FF40060FB49E7
:101100000880FB490880FB490880FB490880FB49AF
:101110000880FB49088003F03CBDEB480088A0F53F
:101120007A7000EE100AB8EEC00A8DED0F0A9DED40
:101130000F0A09F012F8F3EE040AB4EEE00AF1EE39
:1011400010FA7CDDE0480088A0F57A7000B2ED4925
:1011500008800846B0F90000FFF7BCF99FEDEA0BE4
:1011600053EC102BCDE908019DED080B51EC100B51
:10117000FFF7CFF89FEDE60B53EC102BCDE90A01FA
:101180009DED0A0B51EC100BFFF7C3F89FEDE20B3E
:1011900053EC102BCDE90C019DED0C0B51EC100B19
:1011A000FFF729F9CDE90E019DED0E0B51EC100B67
:1011B000FFF7A1F900B2C7490880D248B0F9000092
:1011C000FFF788F99FEDD00B53EC102BCDE9080108
:1011D0009DED080B51EC100BFFF79BF89FEDCC0B2E
:1011E00053EC102BCDE90A019DED0A0B51EC100BCD
:1011F000FFF78FF89FEDC80B53EC102BCDE90C01D6
:101200009DED0C0B51EC100BFFF7F5F8CDE90E013D
:101210009DED0E0B51EC100BFFF76DF900B2AE49CE
:101220000880B848B0F90000FFF754F99FEDB60BFD
:1012300053EC102BCDE908019DED080B00E0D3E045
:1012400051EC100BFFF765F89FEDB10B53EC102B31
:10125000CDE90A019DED0A0B51EC100BFFF759F88F
:101260009FEDAD0B53EC102BCDE90C019DED0C0B5C
:1012700051EC100BFFF7BFF8CDE90E019DED0E0B01
:1012800051EC100BFFF737F900B2944908809D48E4
:10129000B0F90000FFF71EF99FED9B0B53EC102BEC
:1012A000CDE908019DED080B51EC100BFFF731F86B
:1012B0009FED970B53EC102BCDE90A019DED0A0B26
:1012C00051EC100BFFF725F89FED930B53EC102B0F
:1012D000CDE90C019DED0C0B51EC100BFFF78BF8D9
:1012E000CDE90E019DED0E0B51EC100BFFF703F94C
:1012F00000B27B4908808348B0F90000FFF7EAF8A4
:101300009FED810B53EC102BCDE908019DED080BEF
:1013100051EC100BFEF7FDFF9FED7D0B53EC102BF6
:10132000CDE90A019DED0A0B51EC100BFEF7F1FF20
:101330009FED790B53EC102BCDE90C019DED0C0BBF
:1013400051EC100BFFF757F8CDE90E019DED0E0B98
:1013500051EC100BFFF7CFF800B2624908806948E2
:10136000B0F90000FFF7B6F89FED670B53EC102BB8
:10137000CDE908019DED080B51EC100BFEF7C9FFFC
:101380009FED630B53EC102BCDE90A019DED0A0B89
:1013900051EC100BFEF7BDFF9FED5F0B53EC102BD4
:1013A000CDE90C019DED0C0B51EC100BFFF723F870
:1013B000CDE90E019DED0E0B51EC100BFFF79BF8E4
:1013C00000B2494908804FF4806048490880484984
:1013D0000880484908804FF44060474908804749E1
:1013E00008804749088096E637480088A0F57A705B
:1013F00000EE100AB8EEC00A8DED0F0A9DED0F0A3F
:1014000008F0ABFEF3EE040AB4EEE00AF1EE10FAD7
:10141000E9D22C480088A0F57A7000EE100AB8EEE8
:10142000C00A8DED0F0A9DED0F0A08F096FEF3EE4F
:10143000040AB4EEE00AF1EE10FA42DD2348008817
:10144000A0F57A7000EE100AB8EEC00A8DED0F0A12
:101450009DED0F0A08F081FEF3EE040AB4EEE00AF7
:10146000F1EE10FA2DD217480088A0F57A7000B27C
:101470002B4908800846B0F900004042FFF72AF8DF
:101480009FED210B53EC102BCDE908019DED080BCE
:1014900051EC100BFEF73DFF9FED1D0B53EC102B95
:1014A000CDE90A019DED0A0B51EC100BFEF731FF5F
:1014B0009FED190B53EC102BCDE90C019DED0C0B9E
:1014C00030E053E1EC000020EE000020F0000020AE
:1014D000F200002080000020820000208400002014
:1014E00086000020880000208A0000205C00002088
:1014F0005E000020600000206200002064000020E8
:1015000066000020320000207715527ED2732D40F5
:101510000000000000004E40000000000000894074
:101520003000002051EC100BFEF765FFCDE90E01F5
:101530009DED0E0B51EC100BFEF7DDFF00B2FE49E6
:101540000880FE48B0F900004042FEF7C3FF1FEDDF
:10155000120B53EC102BCDE908019DED080B51EC5B
:10156000100BFEF7D6FE1FED160B53EC102BCDE93A
:101570000A019DED0A0B51EC100BFEF7CAFE1FEDA0
:101580001A0B53EC102BCDE90C019DED0C0B51EC1B
:10159000100BFEF730FFCDE90E019DED0E0B51EC67
:1015A000100BFEF7A8FF00B2E5490880E348B0F948
:1015B00000004042FEF78EFF1FED2D0B53EC102B69
:1015C000CDE908019DED080B51EC100BFEF7A1FED3
:1015D0001FED310B53EC102BCDE90A019DED0A0BE9
:1015E00051EC100BFEF795FE1FED350B53EC102B55
:1015F000CDE90C019DED0C0B51EC100BFEF7FBFE41
:10160000CDE90E019DED0E0B51EC100BFEF773FFB3
:1016100000B2CC490880C948B0F90000FEF75AFF73
:101620001FED470B53EC102BCDE908019DED080B86
:1016300051EC100BFEF76DFE1FED4B0B53EC102B16
:10164000CDE90A019DED0A0B51EC100BFEF761FE8E
:101650001FED4F0B53EC102BCDE90C019DED0C0B46
:1016600051EC100BFEF7C7FECDE90E019DED0E0B00
:1016700051EC100BFEF73FFF00B2B3490880AF48B2
:10168000B0F90000FEF726FF1FED610B53EC102BA5
:10169000CDE908019DED080B51EC100BFEF739FE6A
:1016A0001FED650B53EC102BCDE90A019DED0A0BE4
:1016B00051EC100BFEF72DFE1FED690B53EC102BB8
:1016C000CDE90C019DED0C0B51EC100BFEF793FED8
:1016D000CDE90E019DED0E0B51EC100BFEF70BFF4B
:1016E00000B29A4908809548B0F90000FEF7F2FE72
:1016F0001FED7B0B53EC102BCDE908019DED080B82
:1017000051EC100BFEF705FE1FED7F0B53EC102B79
:10171000CDE90A019DED0A0B51EC100BFEF7F9FD26
:101720001FED830B53EC102BCDE90C019DED0C0B41
:1017300051EC100BFEF75FFECDE90E019DED0E0B97
:1017400051EC100BFEF7D7FE00B2814908804FF430
:10175000006080490880804908808049088080496D
:1017600008808049088080490880D4E47F48008848
:10177000A0F57A7000EE100AB8EEC00A8DED0F0ADF
:101780009DED0F0A08F0E9FCF3EE040AB4EEE00A5E
:10179000F1EE10FA7ED276480088A0F57A7000EE5D
:1017A000100AB8EEC00A8DED0F0A9DED0F0A08F081
:1017B000D4FCF3EE040AB4EEE00AF1EE10FA69DDAF
:1017C0006B480088C0F57A7000B26A4908809FEDC6
:1017D0006A0A08F03BF8B0EE408A9FED680A08F00C
:1017E00035F8C8EE000A6348B0F9000000EE100AB0
:1017F000B8EEC00A20EE800A8DED070A0798FEF7C2
:10180000B2FE1FEDBF0B53EC102BCDE908019DED8F
:10181000080B51EC100BFEF77CFD1FEDC30B53ECD6
:10182000102BCDE90A019DED0A0B51EC100BFEF7D0
:1018300070FD1FEDC70B53EC102BCDE90C019DED96
:101840000C0B51EC100BFEF7D6FDCDE90E019DED12
:101850000E0B51EC100BFEF74EFE00B2364908801D
:101860004448B0F90000FEF735FE1FEDD90B53ECEC
:10187000102BCDE908019DED080B51EC100BFEF784
:1018800048FD1FEDDD0B53EC102BCDE90A019DED5A
:101890000A0B00E012E251EC100BFEF73AFD1FEDCF
:1018A000E20B53EC102BCDE90C019DED0C0B51EC30
:1018B000100BFEF7A0FDCDE90E019DED0E0B51ECD6
:1018C000100BFEF718FE00B21D4908809FED2C0A90
:1018D00007F0BCFFB0EE408A9FED280A07F0B6FF84
:1018E000C8EE000A2348B0F9000000EE100AB8EE76
:1018F000C00A20EE800A8DED070A0798FEF733FE36
:101900009FED200B53EC102BCDE908019DED080B4A
:1019100051EC100BFEF7FDFC9FED1C0B53EC102B54
:10192000CDE90A019DED0A0B51EC100BFEF7F1FC1D
:101930009FED180B32E000008000002030000020F6
:101940008200002084000020860000208800002003
:101950008A0000205C0000205E0000206000002063
:10196000620000206400002066000020EC000020DF
:10197000F000002034000020DF4F2D3FA089003F01
:10198000355E5A3F7715527ED2732D40000000001D
:1019900000004E40000000000000894053EC102B76
:1019A000CDE90C019DED0C0B51EC100BFEF723FD66
:1019B000CDE90E019DED0E0B51EC100BFEF79BFDDA
:1019C00000B2FE4908801FED140A07F03FFFB0EE99
:1019D000408A1FED160A07F039FFC8EE000AF848E2
:1019E000B0F9000000EE100AB8EEC00A20EE800A3E
:1019F0008DED070A0798FEF7B6FD1FED1E0B53ECA1
:101A0000102BCDE908019DED080B51EC100BFEF7F2
:101A100080FC1FED220B53EC102BCDE90A019DED4C
:101A20000A0B51EC100BFEF774FC1FED260B53EC68
:101A3000102BCDE90C019DED0C0B51EC100BFEF7BA
:101A4000DAFCCDE90E019DED0E0B51EC100BFEF70B
:101A500052FD00B2DB490880D948B0F90000FEF71A
:101A600039FD1FED380B53EC102BCDE908019DED2E
:101A7000080B51EC100BFEF74CFC1FED3C0B53EC2C
:101A8000102BCDE90A019DED0A0B51EC100BFEF76E
:101A900040FC1FED400B53EC102BCDE90C019DEDEC
:101AA0000C0B51EC100BFEF7A6FCCDE90E019DEDE1
:101AB0000E0B51EC100BFEF71EFD00B2C249088060
:101AC0001FED510A07F0C2FEB0EE408A1FED550A25
:101AD00007F0BCFEC8EE000AB948B0F9000000EEFD
:101AE000100AB8EEC00A20EE800A8DED070A0798AA
:101AF000FEF739FD1FED5D0B53EC102BCDE908010E
:101B00009DED080B51EC100BFEF703FC1FED610B74
:101B100053EC102BCDE90A019DED0A0B51EC100B93
:101B2000FEF7F7FB1FED650B53EC102BCDE90C0115
:101B30009DED0C0B51EC100BFEF75DFCCDE90E0199
:101B40009DED0E0B51EC100BFEF7D5FC00B29F493A
:101B500008809FED9F1B9FEDA00B07F021FC8DEDF2
:101B60000C0B9FED9F0B53EC102B9DED0C0B51ECD0
:101B7000100BFEF7CEFBCDE90E019DED0E0B51ECE7
:101B8000100BFEF7D7FC00F58060974908809FEDA9
:101B9000971B9FED980B07F003FC8DED0C0B9FED51
:101BA000900B53EC102B9DED0C0B51EC100BFEF732
:101BB000B0FBCDE90E019DED0E0B51EC100BFEF7C5
:101BC000B9FC00F580608D4908809FED811B9FED79
:101BD0008C0B07F0E5FB8DED0C0B9FED810B53ECAF
:101BE000102B9DED0C0B51EC100BFEF792FBCDE989
:101BF0000E019DED0E0B51EC100BFEF79BFCC0F59A
:101C00004060814908809FED721B9FED730B07F0C8
:101C1000C7FB8DED0C0B9FED720B53EC102B9DED64
:101C20000C0B51EC100BFEF774FBCDE90E019DED92
:101C30000E0B51EC100BFEF77DFCC0F540607349B4
:101C400008809FED6A1B9FED6B0B07F0A9FB8DEDE4
:101C50000C0B9FED630B53EC102B9DED0C0B51EC1B
:101C6000100BFEF756FBCDE90E019DED0E0B51EC6E
:101C7000100BFEF75FFCC0F54060654908809FEDE2
:101C8000541B9FED5F0B07F08BFB8DED0C0B9FED55
:101C9000540B53EC102B9DED0C0B51EC100BFEF77D
:101CA00038FBCDE90E019DED0E0B51EC100BFEF74C
:101CB00041FC00F580605749088056E55648008889
:101CC000A0F57A7000EE100AB8EEC00A8DED0F0A8A
:101CD0009DED0F0A08F041FAF3EE040AB4EEE00AB3
:101CE000F1EE10FA42F3E4864C480088A0F57A70D1
:101CF00000EE100AB8EEC00A8DED0F0A9DED0F0A36
:101D000008F02BFAF3EE040AB4EEE00AF1EE10FA52
:101D1000E8DD41480088A0F57A7000B240490880AB
:101D20003E480088C0F57A7000B2254908803C48DA
:101D3000B0F90000002879DD0846B0F9000000285D
:101D4000F9DD3748B0F9000000EE100AF8EEC00ADD
:101D50000846B0F9000000EE100AB8EEC00A80EEA6
:101D6000801A304880ED001A0846B0F9000000EEF5
:101D7000100AB8EEC00A08F0F0F9B0EE408A29481F
:101D800090ED000ADFED280A30EE600A8DED000AC2
:101D90009DED000A08F0E1F9F0EE401A214890EDBF
:101DA000000ADFED210A30EE600A8DED000A9DED9C
:101DB000000A08F0D2F921EE800A38E08400002001
:101DC0003400002086000020880000208A000020C7
:101DD000A4703D0AD7A3E83F8FC2F5285C8FD23F9D
:101DE000C971A774305F84405C000020295C8FC2F9
:101DF000F528BC3F666666666666E63F5E000020C4
:101E000052B81E85EB51E03F6000002062000020C8
:101E10006400002066000020EC000020F00000209C
:101E20003000002024000020E17A943EFEE38DED96
:101E3000010A0198FEF797FB9FEDFE0B53EC102B68
:101E4000CDE902019DED020B51EC100BFEF7BAF942
:101E5000CDE904019DED040B51EC100BFEF796FB50
:101E600006909DED060A07F0F1FC28EE400A8DED84
:101E7000070A0798FEF777FB9FEDF00B53EC102B4A
:101E8000CDE908019DED080B51EC100BFEF741FA6E
:101E90009FEDEC0B53EC102BCDE90A019DED0A0BE5
:101EA00051EC100BFEF735FA9FEDE80B53EC102BBD
:101EB000CDE90C019DED0C0B51EC100BFEF79BFADC
:101EC000CDE90E019DED0E0B51EC100BFEF713FB4F
:101ED00000B2E0490880E048B0F9000000EE100AC6
:101EE000B8EEC00A08F039F9B0EE408ADB4890ED50
:101EF000000ADFEDDB0A30EE600A8DED000A9DED91
:101F0000000A08F02AF9F0EE401AD44890ED000AD1
:101F1000DFEDD30A30EE600A8DED000A9DED000A78
:101F200008F01BF921EE800A8DED010A0198FEF7F9
:101F30001AFB9FEDCC0B53EC102BCDE902019DED6C
:101F4000020B51EC100BFEF73DF9CDE904019DEDBC
:101F5000040B51EC100BFEF719FB06909DED060AE1
:101F600007F074FC28EE400A8DED070A0798FEF78B
:101F7000FAFA9FEDB20B53EC102BCDE908019DED61
:101F8000080B51EC100BFEF7C4F99FEDAE0B53ECB0
:101F9000102BCDE90A019DED0A0B51EC100BFEF759
:101FA000B8F99FEDAA0B53EC102BCDE90C019DED78
:101FB0000C0B51EC100BFEF71EFACDE90E019DED56
:101FC0000E0B51EC100BFEF796FA00B2A7490880F1
:101FD000A148B0F9000000EE100AB8EEC00A08F0FF
:101FE000BCF8B0EE408A9D4890ED000ADFEDA00AF3
:101FF00030EE600A8DED000A9DED000A08F0ADF8A4
:10200000F0EE401A954890ED000ADFED990A30EEA7
:10201000600A8DED000A9DED000A08F09EF821EEA1
:10202000800A8DED010A0198FEF79DFA9FED810B64
:1020300053EC102BCDE902019DED020B51EC100B7E
:10204000FEF7C0F8CDE904019DED040B51EC100B37
:10205000FEF79CFA06909DED060A07F0F7FB28EEC6
:10206000400A8DED070A0798FEF77DFA9FED730B86
:1020700053EC102BCDE908019DED080B51EC100B32
:10208000FEF747F99FED6F0B53EC102BCDE90A01DA
:102090009DED0A0B51EC100BFEF73BF99FED6B0B1E
:1020A00053EC102BCDE90C019DED0C0B51EC100BFA
:1020B000FEF7A1F9CDE90E019DED0E0B51EC100BD1
:1020C000FEF719FA00B26B4908806348B0F90000C6
:1020D00000EE100AB8EEC00A08F03FF8B0EE408AF1
:1020E0005E4890ED000A5FEDB00A30EE200A8DEDFB
:1020F000000A9DED000A08F030F8F0EE401A57484B
:1021000090ED000A5FEDB80A30EE200A8DED000A6E
:102110009DED000A08F021F821EE800A8DED010AFC
:102120000198FEF720FA9FED430B53EC102BCDE9FD
:1021300002019DED020B51EC100BFEF743F8CDE9C7
:1021400004019DED040B51EC100BFEF71FFA0690F5
:102150009DED060A07F07AFB28EE000A8DED070ACE
:102160000798FEF700FA9FED350B53EC102BCDE9E5
:1021700008019DED080B51EC100BFEF7CAF89FED1E
:10218000310B53EC102BCDE90A019DED0A0B51ECFC
:10219000100BFEF7BEF89FED2D0B53EC102BCDE985
:1021A0000C019DED0C0B51EC100BFEF724F9CDE961
:1021B0000E019DED0E0B51EC100BFEF79CF900B2D9
:1021C0002D4908802448B0F9000000EE100AB8EE4E
:1021D000C00A07F0C2FFB0EE408A204890ED000A26
:1021E000DFED1F0A30EE200A8DED000A9DED000A9A
:1021F00007F0B3FFF0EE401A184890ED000ADFED4B
:10220000180A30EE200A8DED000A9DED000A07F055
:10221000A4FF21EE800A8DED010A0198FEF7A3F9D3
:102220009FED100B53EC102BCDE902019DED020B3D
:1022300024E000007E8CB96B09F9E23F7715527EED
:10224000D2732D400000000000004E40000000004E
:10225000000089408000002034000020240000207D
:102260003333333F80B74082E2C7883F820000208B
:102270005C8F023F840000208600002051EC100B90
:10228000FDF7A0FFCDE904019DED040B51EC100B0F
:10229000FEF77CF906909DED060A07F0D7FA28EEC6
:1022A000000A8DED070A0798FEF75DF91FED1D0B7B
:1022B00053EC102BCDE908019DED080B51EC100BF0
:1022C000FEF727F81FED210B53EC102BCDE90A0187
:1022D0009DED0A0B51EC100BFEF71BF81FED250BC3
:1022E00053EC102BCDE90C019DED0C0B51EC100BB8
:1022F000FEF781F8CDE90E019DED0E0B51EC100BB0
:10230000FEF7F9F800B2FE490880FE48B0F9000077
:1023100000EE100AB8EEC00A07F01FFFB0EE408AC8
:10232000F94890ED000A5FED2E0A30EE200A8DED9F
:10233000000A9DED000A07F010FFF0EE401AF24887
:1023400090ED000A5FED360A30EE200A8DED000AAE
:102350009DED000A07F001FF21EE800A8DED010AD4
:102360000198FEF700F91FED4D0B53EC102BCDE952
:1023700002019DED020B51EC100BFDF723FFCDE99F
:1023800004019DED040B51EC100BFEF7FFF80690D5
:102390009DED060A07F05AFA28EE000A8DED070AAD
:1023A0000798FEF7E0F81FED5B0B53EC102BCDE91F
:1023B00008019DED080B51EC100BFDF7AAFF1FED76
:1023C0005F0B53EC102BCDE90A019DED0A0B51EC8C
:1023D000100BFDF79EFF1FED630B53EC102BCDE9A7
:1023E0000C019DED0C0B51EC100BFEF704F8CDE940
:1023F0000E019DED0E0B51EC100BFEF77CF800B2B8
:10240000C2490880C04890ED000A5FED6B0AB4EE47
:10241000E00AF1EE10FA7ADD90ED000ADFEDBC0A79
:1024200030EE600A8DED0F0ADDED0F0A9FEDB90A5F
:1024300007F0B6F8DFEDB80A20EE200ABCEEC00ABD
:1024400010EE100A00F50060B4490880AE4890ED27
:10245000000A5FED7D0A30EE600A8DED0F0ADDEDBA
:102460000F0A9FEDAF0A07F09BF8DFEDAB0A20EEF5
:10247000200ABCEEC00A10EE100A00F50060A9495F
:102480000880A14890ED000A5FED870A30EE600AEF
:102490008DED0F0ADDED0F0A9FED9E0A07F080F823
:1024A000DFED9D0A20EE200ABCEEC00A10EE100AF5
:1024B000C0F500609C490880934890ED000ADFED6C
:1024C000940A30EE200A8DED0F0ADDED0F0A9FED24
:1024D000910A07F065F8DFED900A20EE200ABCEEC5
:1024E000C00A10EE100A00F5006090490880864886
:1024F00090ED000A5FEDA60A30EE200A8DED0F0A7E
:10250000DDED0F0A9FED860A07F04AF800E026E0AD
:10251000DFED810A20EE200ABCEEC00A10EE100AA0
:1025200000F5006082490880774890ED000A5FED71
:10253000B00A30EE200A8DED0F0ADDED0F0A9FED97
:10254000750A07F02DF8DFED740A20EE200ABCEEC4
:10255000C00A10EE100AC0F50060764908806A488B
:1025600090ED000A5FEDC20AB4EEE00AF1EE10FA57
:102570007DD890ED000A5FEDC20AB4EEE00AF1EEFC
:1025800010FA74DD90ED000ADFED610A30EE600AAA
:102590008DED0F0ADDED0F0A9FED5E0A07F000F8E2
:1025A000DFED5D0A20EE200ABCEEC00A10EE100A34
:1025B00000F5006059490880534890ED000A5FED2E
:1025C000D80A30EEC00A8DED0F0ADDED0F0A9FED3F
:1025D000540A06F0E5FFDFED500A20EE200ABCEEBB
:1025E000C00A10EE100AC0F580504E4908804648D7
:1025F00090ED000A5FEDE20A30EE600A8DED0F0A01
:10260000DDED0F0A9FED430A06F0CAFFDFED420A37
:1026100020EE200ABCEEC00A10EE100AC0F50060E1
:1026200041490880384890ED000A00E051E1DFEDB3
:10263000380A30EE200A8DED0F0ADDED0F0A9FED0E
:10264000350A06F0ADFFDFED340A20EE200ABCEEBD
:10265000C00A10EE100A00F50060344908802A48CC
:1026600090ED000ADFED340A30EE200A00E02EE0A3
:102670008DED0F0ADDED0F0A9FED290A06F090FFA0
:10268000DFED250A20EE200ABCEEC00A10EE100A8B
:1026900000F50060264908801B4890ED000ADFED38
:1026A000270A30EE200A8DED0F0ADDED0F0A9FEDAF
:1026B000190A06F075FFDFED180A20EE200ABCEEBD
:1026C000C00A10EE100AC0F500601A4908800E48D2
:1026D00090ED000ADFED190AB4EEE00AF1EE10FA0F
:1026E0007ED890ED000ADFED0A0A30EE600A8DED2B
:1026F0000F0ADDED0F0A9FED070A06F051FF1FE0FC
:102700008800002034000020240000208A000020DF
:10271000E17A943EB81E453F84F922445C000020D3
:10272000AE47E13D5E000020600000206200002016
:1027300064000020660000203333333F5C8F023F8B
:102740005FED0B0A20EE200ABCEEC00A10EE100A64
:1027500000F50060FE490880FE4890ED000A5FED3C
:102760000A0A30EEC00A8DED0F0ADDED0F0A1FEDEB
:10277000140A06F015FF5FED180A20EE200ABCEEE1
:10278000C00A10EE100AC0F58050F3490880F148E5
:1027900090ED000A5FED170A30EEC00A8DED0F0ACA
:1027A000DDED0F0A1FED250A06F0FAFE5FED260AA1
:1027B00020EE200ABCEEC00A10EE100AE74908809D
:1027C000E44890ED000A5FED2E0A30EE200A8DED10
:1027D0000F0ADDED0F0A1FED310A06F0E1FE00E001
:1027E00041E05FED330A20EE200ABCEEC00A10EE95
:1027F000100A00F50060DA490880D64890ED000A1A
:102800005FED330A30EE200A8DED0F0ADDED0F0A81
:102810001FED3D0A06F0C4FE5FED410A20EE200ADE
:10282000BCEEC00A10EE100A00F50060CD49088029
:10283000C84890ED000A5FED3F0A30EE200A8DEDAA
:102840000F0ADDED0F0A1FED4D0A06F0A9FE5FED40
:102850004E0A20EE200ABCEEC00A10EE100AC0F5A7
:102860000060C1490880BA480088B0F5406F03DBBA
:102870004FF44060B6490880B7480088B0F5406F13
:1028800003DB4FF44060B4490880B4480088B0F5D9
:10289000806F03DC4FF48060B0490880B048008846
:1028A000B0F5406F03DB4FF44060AD490880AD48A0
:1028B0000088B0F5406F03DB4FF44060A949088001
:1028C000A9480088B0F5806F03DC4FF48060A6490A
:1028D0000880A648B0F9000000287CDAA448B0F9C6
:1028E0000000002877DDA148B0F9000000EE100AD2
:1028F000B8EEC00AF1EE400A9D48B0F9000000EEC3
:10290000100AB8EEC00A80EE801A924880ED001AD4
:102910009748B0F9000000EE100AB8EEC00A07F0C0
:102920001CFCB0EE408A8B4890ED000A5FED880AEF
:1029300030EE600A8DED000A9DED000A07F00DFCF7
:10294000F0EE401A834890ED000A5FED8F0A30EEFA
:10295000600A8DED000A9DED000A07F0FEFB21EEF6
:10296000800A8DED010A0198FDF7FDFD9FED810BB9
:1029700053EC102BCDE902019DED020B51EC100B35
:10298000FDF720FCCDE904019DED040B51EC100B8B
:10299000FDF7FCFD06909DED060A06F057FF28EEB8
:1029A000000A8DED070A0798FDF7DDFD9FED730B1B
:1029B00053EC102BCDE908019DED080B51EC100BE9
:1029C000FDF7A7FC9FED6F0B53EC102BCDE90A012F
:1029D0009DED0A0B00E0FDE351EC100BFDF799FCB7
:1029E0009FED6A0B53EC102BCDE90C019DED0C0B08
:1029F00051EC100BFDF7FFFCCDE90E019DED0E0B28
:102A000051EC100BFDF777FD00B262490880584881
:102A1000B0F9000000EE100AB8EEC00A07F09DFB06
:102A2000B0EE408A4B4890ED000A5FEDBD0A30EEF3
:102A3000600A8DED000A9DED000A07F08EFBF0EEB6
:102A4000401A444890ED000A5FEDC50A30EE600A76
:102A50008DED000A9DED000A07F07FFB21EE800A54
:102A60008DED010A0198FDF77EFD9FED4B0B53ECB8
:102A7000102BCDE902019DED020B51EC100BFDF77F
:102A8000A1FBCDE904019DED040B51EC100BFDF70A
:102A90007DFD06909DED060A06F0D8FE28EE000AA0
:102AA0008DED070A0798FDF75EFD9FED340B53ECA3
:102AB000102BCDE908019DED080B51EC100BFDF733
:102AC00028FC9FED300B53EC102BCDE90A019DED56
:102AD0000A0B51EC100BFDF71CFC9FED2C0B53EC7B
:102AE000102BCDE90C019DED0C0B51EC100BFDF7FB
:102AF00082FCCDE90E019DED0E0B51EC100BFDF7A4
:102B0000FAFC00B2264908801948B0F9000000EE2E
:102B1000100AB8EEC00A07F020FBB0EE408A0D485C
:102B200090ED000A5FEDFB0A30EE600A8DED000AC1
:102B30009DED000A07F011FBF0EE401A054890EDFC
:102B4000000ADFED180A30EE600A8DED000A2BE076
:102B50005C000020240000205E00002060000020B7
:102B60006200002064000020660000203000002089
:102B7000340000207E8CB96B09F9E23F7715527E54
:102B8000D2732D400000000000004E400000000005
:102B9000000089408000002080B74082E2C7883F63
:102BA000820000205C8F023F9DED000A07F0D5FAFD
:102BB00021EE800A8DED010A0198FDF7D4FC1FED8E
:102BC000130B53EC102BCDE902019DED020B51ECE0
:102BD000100BFDF7F7FACDE904019DED040B51EC64
:102BE000100BFDF7D3FC06909DED060A06F02EFEB5
:102BF00028EE000A8DED070A0798FDF7B4FC1FEDDB
:102C0000210B53EC102BCDE908019DED080B51EC85
:102C1000100BFDF77EFB1FED250B53EC102BCDE9C0
:102C20000A019DED0A0B51EC100BFDF772FB1FED35
:102C3000290B53EC102BCDE90C019DED0C0B51EC45
:102C4000100BFDF7D8FBCDE90E019DED0E0B51ECFD
:102C5000100BFDF750FC00B2FD490880FD48B0F9AB
:102C6000000000EE100AB8EEC00A07F076FAB0EEE7
:102C7000408AF94890ED000ADFEDF80A30EE200AAC
:102C80008DED000A9DED000A07F067FAF0EE401A9C
:102C9000F14890ED000ADFEDF10A30EE200A8DEDEB
:102CA000000A9DED000A07F058FA21EE800A8DED2A
:102CB000010A0198FDF757FC1FED520B53EC102B46
:102CC000CDE902019DED020B51EC100BFDF77AFAF4
:102CD000CDE904019DED040B51EC100BFDF756FC02
:102CE00006909DED060A06F0B1FD28EE400A8DED36
:102CF000070A0798FDF737FC1FED600B53EC102B0C
:102D0000CDE908019DED080B51EC100BFDF701FB1F
:102D10001FED640B53EC102BCDE90A019DED0A0B5E
:102D200051EC100BFDF7F5FA1FED680B53EC102B6F
:102D3000CDE90C019DED0C0B51EC100BFDF75BFB8D
:102D4000CDE90E019DED0E0B51EC100BFDF7D3FB01
:102D500000B2C3490880BF48B0F9000000EE100A75
:102D6000B8EEC00A07F0F9F9B0EE408ABA4890ED23
:102D7000000ADFEDBC0A30EE200A8DED000A9DED61
:102D8000000A07F0EAF9F0EE401AB34890ED000AA5
:102D9000DFEDB40A30EE200A8DED000A9DED000A49
:102DA00007F0DBF921EE800A8DED010A0198FDF7AD
:102DB000DAFB1FED870B53EC102BCDE902019DEDE3
:102DC000020B51EC100BFDF7FDF9CDE904019DED6F
:102DD000040B51EC100BFDF7D9FB06909DED060A94
:102DE00006F034FD28EE400A8DED070A0798FDF73E
:102DF000BAFB1FED9E0B53EC102BCDE908019DEDA6
:102E0000080B51EC100BFDF784FA1FEDA20B53ECED
:102E1000102BCDE90A019DED0A0B51EC100BFDF7CB
:102E200078FA1FEDA60B53EC102BCDE90C019DEDAC
:102E30000C0B51EC100BFDF7DEFACDE90E019DED08
:102E40000E0B51EC100BFDF756FB00B286490880C3
:102E50008048B0F9000000EE100AB8EEC00A07F092
:102E60007CF9B0EE408A7C4890ED000A5FEDB30A31
:102E700030EE200A8DED000A9DED000A07F06DF995
:102E8000F0EE401A744890ED000A5FEDBA0A30EE99
:102E9000200A8DED000A9DED000A07F05EF921EE93
:102EA000800A8DED010A0198FDF75DFB1FEDCF0B48
:102EB00053EC102BCDE902019DED020B51EC100BF0
:102EC000FDF780F9CDE904019DED040B51EC100BE9
:102ED000FDF75CFB06909DED060A06F0B7FC28EEB8
:102EE000400A8DED070A0798FDF73DFB1FEDDD0B4E
:102EF00053EC102BCDE908019DED080B51EC100BA4
:102F0000FDF707FA1FEDE10B53EC102BCDE90A0199
:102F10009DED0A0B51EC100BFDF7FBF91FEDE50BD6
:102F200053EC102BCDE90C019DED0C0B51EC100B6B
:102F3000FDF761FACDE90E019DED0E0B51EC100B82
:102F4000FDF7D9FA00B249490880434890ED000ADC
:102F5000DFED440AB4EEE00AF1EE10FA76DD90ED12
:102F6000000ADFED3E0A30EE600A8DED0F0ADDED5E
:102F70000F0A9FED3F0A06F013FBDFED3E0A20EE3D
:102F8000200ABCEEC00A10EE100A00F500603A49B3
:102F90000880314890ED000ADFED320A30EE600A19
:102FA0008DED0F0ADDED0F0A9FED340A06F0F8FAF9
:102FB000DFED300A20EE200ABCEEC00A10EE100A47
:102FC00000F500602E490880234890ED000ADFEDEF
:102FD0002D0A30EE600A8DED0F0ADDED0F0A9FED30
:102FE000240A06F0DDFADFED230A20EE200ABCEE0B
:102FF000C00A10EE100AC0F5006023490880164888
:1030000090ED000ADFED150A30EE200A8DED0F0A73
:10301000DDED0F0A9FED160A06F0C2FADFED150A84
:1030200020EE200ABCEEC00A10EE100A00F5006087
:1030300016490880084890ED000ADFED0A0A30EED4
:10304000200A8DED0F0ADDED0F0A21E04BE00000B4
:10305000840000203400002024000020E17A943E07
:10306000860000203333333F880000208A00002090
:10307000B81E453F84F922445C000020AE47E13D84
:103080005E0000205C8F023F600000206200002094
:103090001FED060A06F084FA5FED0A0A20EE200A08
:1030A000BCEEC00A10EE100A00F50060FE49088070
:1030B000FE4890ED000A5FED0D0A30EE200A8DED1E
:1030C0000F0ADDED0F0A1FED160A06F069FA5FED33
:1030D000170A20EE200ABCEEC00A10EE100AC0F556
:1030E0000060F3490880F14890ED000A5FED230A83
:1030F000B4EEE00AF1EE10FA6DD890ED000A5FED43
:103100001F0AB4EEE00AF1EE10FA64DD90ED000A59
:103110005FED2E0A30EE600A8DED0F0ADDED0F0A2D
:103120001FED2D0A06F03CFA5FED2E0A20EE200A74
:10313000BCEEC00A10EE100A00F50060DD49088000
:10314000DA4890ED000A5FED390A30EEC00A8DEDE5
:103150000F0ADDED0F0A1FED370A06F021FA5FEDC9
:103160003B0A20EE200ABCEEC00A10EE100AC0F5A1
:103170008050D1490880CD4890ED000A5FED3F0AAC
:1031800030EE600A8DED0F0ADDED0F0A1FED480AE3
:1031900006F006FA5FED490A20EE200ABCEEC00AEE
:1031A00010EE100AC0F50060C4490880BF4890EDD9
:1031B000000A5FED560A30EE200A8DED0F0ADDEDB4
:1031C0000F0A1FED550A06F0EBF95FED560A20EEE7
:1031D000200A01E01FE13DE0BCEEC00A10EE100A3B
:1031E00000F50060B6490880B04890ED000A5FED38
:1031F000630A30EE200A8DED0F0ADDED0F0A1FED98
:10320000610A06F0CDF95FED650A20EE200ABCEEFA
:10321000C00A10EE100A00F50060A3490880A34818
:1032200090ED000A5FED690A30EE200A8DED0F0A7D
:10323000DDED0F0A1FED720A06F0B2F95FED730AB9
:1032400020EE200ABCEEC00A10EE100AC0F50060A5
:1032500097490880954890ED000A5FED760AB4EE34
:10326000E00AF1EE10FA7CD890ED000A5FED850AD5
:1032700030EE600A8DED0F0ADDED0F0A1FED840AB6
:1032800006F08EF95FED850A20EE200ABCEEC00A3A
:1032900010EE100A00F5006086490880834890ED22
:1032A000000A5FED900A30EEC00A8DED0F0ADDEDE9
:1032B0000F0A1FED8E0A06F073F95FED920A20EEF9
:1032C000200ABCEEC00A10EE100AC0F580507A4900
:1032D0000880764890ED000A5FED960A30EEC00A4D
:1032E0008DED0F0ADDED0F0A1FED9F0A06F058F96C
:1032F0005FEDA00A20EE200ABCEEC00A10EE100A14
:103300006E490880694890ED000A5FEDAC0A30EE26
:10331000200A8DED0F0ADDED0F0A1FEDAB0A06F056
:103320003FF95FEDAC0A20EE200ABCEEC00A10EEB9
:10333000100A00F50060624908805C4890ED000AC0
:103340005FEDB80A30EE200A8DED0F0ADDED0F0AB1
:103350001FEDB60A06F024F95FEDBA0A20EE200A46
:1033600000E022E0BCEEC00A10EE100A00F500609A
:103370004D4908804D4890ED000A5FEDBE0A30EEE1
:10338000200A8DED0F0ADDED0F0A1FEDC70A06F0CA
:1033900007F95FEDC80A20EE200ABCEEC00A10EE65
:1033A000100AC0F500604249088042480088B0F524
:1033B000406F03DB4FF440603E4908803E48008880
:1033C000B0F5406F03DB4FF440603B4908803B4859
:1033D0000088B0F5806F03DC4FF4806037490880C7
:1033E00037480088B0F5406F03DB4FF44060344944
:1033F00008802D480088B0F5406F03DB4FF4406033
:10340000294908802A480088B0F5806F03DC4FF412
:103410008060274908802B48B0F9000000287DDD36
:103420002948B0F90000002878DA2648B0F90000F1
:1034300000EE100AB8EEC00AF1EE400A2248B0F9D8
:10344000000000EE100AB8EEC00A80EE801A17489D
:1034500080ED001A1C48B0F9000000EE100AB8EE2A
:10346000C00A06F07AFEB0EE408A104890ED000ADD
:10347000DFED160A30EE200A8DED000A9DED000A00
:1034800006F06BFEF0EE401A084890ED000ADFED02
:103490000F0A30EE200A8DED000A9DED000A06F0BD
:1034A0005CFE21EE800A13E064000020240000206E
:1034B000660000205C0000205E000020600000200C
:1034C000620000203000002034000020E17A943EA9
:1034D0008DED010A0198FDF746F89FEDFE0B53ECC8
:1034E000102BCDE902019DED020B51EC100BFCF706
:1034F00069FECDE904019DED040B51EC100BFDF7C5
:1035000045F806909DED060A06F0A0F928EE400A5F
:103510008DED070A0798FDF726F800E0FAE39FED26
:10352000EF0B53EC102BCDE908019DED080B51EC8E
:10353000100BFCF7EEFE9FEDEB0B53EC102BCDE9DF
:103540000A019DED0A0B51EC100BFCF7E2FE9FED1A
:10355000E70B53EC102BCDE90C019DED0C0B51EC5E
:10356000100BFCF748FFCDE90E019DED0E0B51EC61
:10357000100BFCF7C0FF00B2DE490880DE48B0F94E
:10358000000000EE100AB8EEC00A06F0E6FDB0EE4C
:10359000408ADA4890ED000ADFEDD90A30EE200AC1
:1035A0008DED000A9DED000A06F0D7FDF0EE401A01
:1035B000D24890ED000ADFEDD20A30EE200A8DED00
:1035C000000A9DED000A06F0C8FD21EE800A8DED8F
:1035D000010A0198FCF7C7FF9FEDCA0B53EC102BB3
:1035E000CDE902019DED020B51EC100BFCF7EAFD59
:1035F000CDE904019DED040B51EC100BFCF7C6FF67
:1036000006909DED060A06F021F928EE400A8DEDA0
:10361000070A0798FCF7A7FF9FEDB00B53EC102BA0
:10362000CDE908019DED080B51EC100BFCF771FE84
:103630009FEDAC0B53EC102BCDE90A019DED0A0B6D
:1036400051EC100BFCF765FE9FEDA80B53EC102B13
:10365000CDE90C019DED0C0B51EC100BFCF7CBFEF2
:10366000CDE90E019DED0E0B51EC100BFCF743FF65
:1036700000B2A6490880A048B0F9000000EE100A88
:10368000B8EEC00A06F069FDB0EE408A9B4890EDA6
:10369000000ADFED9F0A30EE200A8DED000A9DED55
:1036A000000A06F05AFDF0EE401A944890ED000A28
:1036B000DFED970A30EE200A8DED000A9DED000A3D
:1036C00006F04BFD21EE800A8DED010A0198FCF712
:1036D0004AFF9FED800B53EC102BCDE902019DEDCD
:1036E000020B51EC100BFCF76DFDCDE904019DEDD3
:1036F000040B51EC100BFCF749FF06909DED060AF8
:1037000006F0A4F828EE400A8DED070A0798FCF7AA
:103710002AFF9FED720B53EC102BCDE908019DEDB4
:10372000080B51EC100BFCF7F4FD9FED6E0B53EC06
:10373000102BCDE90A019DED0A0B51EC100BFCF7A3
:10374000E8FD9FED6A0B53EC102BCDE90C019DEDCC
:103750000C0B51EC100BFCF74EFECDE90E019DED6C
:103760000E0B51EC100BFCF7C6FE00B26949088045
:103770006148B0F9000000EE100AB8EEC00A06F089
:10378000ECFCB0EE408A5D4890ED000A5FEDB10AB6
:1037900030EE600A8DED000A9DED000A06F0DDFCBA
:1037A000F0EE401A554890ED000A5FEDB80A30EE91
:1037B000600A8DED000A9DED000A06F0CEFC21EEB8
:1037C000800A8DED010A0198FCF7CDFE9FED410BBB
:1037D00053EC102BCDE902019DED020B51EC100BC7
:1037E000FCF7F0FCCDE904019DED040B51EC100B4E
:1037F000FCF7CCFE06909DED060A06F027F828EEB1
:10380000000A8DED070A0798FCF7ADFE9FED330B1C
:1038100053EC102BCDE908019DED080B51EC100B7A
:10382000FCF777FD9FED2F0B53EC102BCDE90A0130
:103830009DED0A0B51EC100BFCF76BFD9FED2B0B74
:1038400053EC102BCDE90C019DED0C0B51EC100B42
:10385000FCF7D1FDCDE90E019DED0E0B51EC100BE7
:10386000FCF749FE00B22C4908802348B0F900005B
:1038700000EE100AB8EEC00A06F06FFCB0EE408A07
:103880001E4890ED000ADFED1E0A30EE600A8DED55
:10389000000A9DED000A06F060FCF0EE401A1748A1
:1038A00090ED000ADFED160A30EE600A8DED000A99
:1038B0009DED000A06F051FC21EE800A8DED010A13
:1038C0000198FCF750FE9FED0F0B53EC102BCDE948
:1038D000020123E07E8CB96B09F9E23F7715527E35
:1038E000D2732D400000000000004E400000000098
:1038F00000008940800000203400002024000020C7
:103900003333333F80B74082E2C7883F82000020D4
:103910005C8F023F84000020860000209DED020B9A
:1039200051EC100BFCF74EFCCDE904019DED040BAE
:1039300051EC100BFCF72AFE06909DED060A05F0EF
:1039400085FF28EE000A8DED070A0798FCF70BFEAD
:103950001FED1E0B53EC102BCDE908019DED080B5C
:1039600051EC100BFCF7D5FC1FED220B53EC102B88
:10397000CDE90A019DED0A0B51EC100BFCF7C9FCD7
:103980001FED260B53EC102BCDE90C019DED0C0B1C
:1039900051EC100BFCF72FFDCDE90E019DED0E0B48
:1039A00051EC100BFCF7A7FD00B2FD490880FD4863
:1039B000B0F9000000EE100AB8EEC00A06F0CDFB28
:1039C000B0EE408AF84890ED000A5FED2F0A30EE25
:1039D000600A8DED000A9DED000A06F0BEFBF0EED8
:1039E000401AF14890ED000A5FED370A30EE600AA8
:1039F0008DED000A9DED000A06F0AFFB21EE800A76
:103A00008DED010A0198FCF7AEFD1FED4E0B53EC56
:103A1000102BCDE902019DED020B51EC100BFCF7D0
:103A2000D1FBCDE904019DED040B51EC100BFCF72B
:103A3000ADFD06909DED060A05F008FF28EE000A90
:103A40008DED070A0798FCF78EFD1FED5C0B53EC1C
:103A5000102BCDE908019DED080B51EC100BFCF784
:103A600058FC1FED600B53EC102BCDE90A019DEDC6
:103A70000A0B51EC100BFCF74CFC1FED640B53ECE4
:103A8000102BCDE90C019DED0C0B51EC100BFCF74C
:103A9000B2FCCDE90E019DED0E0B51EC100BFCF7C5
:103AA0002AFD00B2C1490880BF4890ED000A5FEDD1
:103AB0006C0AB4EEE00AF1EE10FA7CDD90ED000A3B
:103AC000DFEDBB0A30EE200A8DED0F0ADDED0F0AA7
:103AD0009FEDB80A05F064FDDFEDB70A20EE200A7D
:103AE000BCEEC00A10EE100AC0F50060B3490880B1
:103AF000AD4890ED000A5FED7E0A30EE200A8DEDB4
:103B00000F0ADDED0F0A9FEDAE0A05F049FDDFED6E
:103B1000AA0A20EE200ABCEEC00A10EE100AC0F578
:103B20000060A8490880A04890ED000A5FED880A6F
:103B300030EE200A8DED0F0ADDED0F0A9FED9D0A94
:103B400005F02EFDDFED9C0A20EE200ABCEEC00A37
:103B500010EE100A00F500609B490880924890ED35
:103B6000000ADFED930A30EE600A8DED0F0ADDEDFD
:103B70000F0A9FED900A05F013FDDFED8F0A20EE8E
:103B8000200ABCEEC00A10EE100AC0F500608F4992
:103B90000880854890ED000A5FEDA70A30EE600AC4
:103BA0008DED0F0ADDED0F0A9FED850A05F0F8FC9B
:103BB000DFED810A00E024E020EE200ABCEEC00A1E
:103BC00010EE100AC0F5006081490880764890ED3B
:103BD000000A5FEDB10A30EE600A8DED0F0ADDEDEF
:103BE0000F0A9FED740A05F0DBFCDFED730A20EE8F
:103BF000200ABCEEC00A10EE100A00F500607549FC
:103C00000880694890ED000A5FEDC30AB4EEE00A4F
:103C1000F1EE10FA7DD290ED000A5FEDC30AB4EE2A
:103C2000E00AF1EE10FA74DD90ED000ADFED600AB3
:103C300030EE200A8DED0F0ADDED0F0A9FED5D0AD3
:103C400005F0AEFCDFED5C0A20EE200ABCEEC00AF7
:103C500010EE100AC0F5006058490880524890EDF7
:103C6000000A5FEDD90A30EE200A8DED0F0ADDED76
:103C70000F0A9FED530A05F093FCDFED4F0A20EE8B
:103C8000200ABCEEC00A10EE100AC0F500604D49D3
:103C90000880454890ED000A5FEDE30A30EE200A07
:103CA0008DED0F0ADDED0F0A9FED420A05F078FC5D
:103CB000DFED410A20EE200ABCEEC00A10EE100A29
:103CC00000F5006040490880374890ED000ADFEDBC
:103CD000380A30EE600A8DED0F0ADDED0F0A9FED18
:103CE000350A05F05DFCDFED340A20EE200ABCEE5B
:103CF000C00A10EE100AC0F50060344908802A4856
:103D000090ED000ADFED340A30EEC00A8DED0F0AA7
:103D100001E02BE02DE1DDED0F0A9FED290A05F012
:103D20003FFCDFED250A20EE200ABCEEC00A10EEB3
:103D3000100A274908801C4890ED000ADFED270A89
:103D400030EE600A8DED0F0ADDED0F0A9FED190AC6
:103D500005F026FCDFED180A20EE200ABCEEC00AB2
:103D600010EE100A00F500601A4908800E4890ED28
:103D7000000ADFED1A0AB4EEE00AF1EE10FA7DD285
:103D800090ED000ADFED0A0A30EE200A8DED0F0AF1
:103D9000DDED0F0A9FED070A05F002FC20E00000B0
:103DA0008800002034000020240000208A00002029
:103DB000E17A943EB81E453F84F922445C0000201D
:103DC000AE47E13D5E000020600000206200002060
:103DD00064000020660000203333333F5C8F023FD5
:103DE0005FED0B0A20EE200ABCEEC00A10EE100AAE
:103DF000C0F50060FE490880FE4890ED000A5FEDC6
:103E00000A0A30EE200A8DED0F0ADDED0F0A1FEDD4
:103E1000140A05F0C5FB5FED180A20EE200ABCEE7F
:103E2000C00A10EE100AC0F50060F3490880F1489E
:103E300090ED000A5FED170A30EE200A8DED0F0AB3
:103E4000DDED0F0A1FED250A05F0AAFB5FED260A3E
:103E500020EE200ABCEEC00A10EE100A00F5006049
:103E6000E6490880E34890ED000A5FED2F0A30EE46
:103E7000600A8DED0F0ADDED0F0A00E043E01FED53
:103E8000330A05F08DFB5FED340A20EE200ABCEE0C
:103E9000C00A10EE100AC0F50060D9490880D54864
:103EA00090ED000A5FED340A30EEC00A8DED0F0A86
:103EB000DDED0F0A1FED3E0A05F072FB5FED420AD1
:103EC00020EE200ABCEEC00A10EE100ACD49088090
:103ED000C84890ED000A5FED3F0A30EEC00A8DED54
:103EE0000F0ADDED0F0A1FED4D0A05F059FB5FEDDE
:103EF0004E0A20EE200ABCEEC00A10EE100AC0F5F1
:103F00008050C1490880BA480088B0F5806F03DC52
:103F10004FF48060B6490880B7480088B0F5406F1C
:103F200003DB4FF44060B4490880B4480088B0F522
:103F3000406F03DB4FF44060B0490880B048008810
:103F4000B0F5806F03DC4FF48060AD490880AD4868
:103F50000088B0F5806F03DC4FF48060A9490880C9
:103F6000A9480088B0F5406F03DB4FF44060A649D4
:103F70000880A648B0F9000000287CDAA448B0F90F
:103F800000000028F9DAA148B0F9000000EE100A9C
:103F9000F8EEC00A9E48B0F9000000EE100AB8EE34
:103FA000C00A80EE801A934880ED001A9848B0F954
:103FB000000000EE100AB8EEC00A06F0CEF8B0EE2F
:103FC000408A8C4890ED000A5FED870A30EE200AA7
:103FD0008DED000A9DED000A06F0BFF8F0EE401AE4
:103FE000844890ED000A5FED8E0A30EE200A8DEDD8
:103FF000000A9DED000A06F0B0F821EE800A8DED72
:10400000010A0198FCF7AFFA9FED820B53EC102BDD
:10401000CDE902019DED020B51EC100BFCF7D2F83B
:10402000CDE904019DED040B51EC100BFCF7AEFA49
:1040300006909DED060A05F009FC28EE000A8DEDBC
:10404000070A0798FCF78FFA9FED740B53EC102BBF
:10405000CDE908019DED080B51EC100BFCF759F967
:104060009FED700B53EC102BCDE90A019DED0A0B6F
:1040700051EC100B00E0FDE3FCF74BF99FED6B0BEF
:1040800053EC102BCDE90C019DED0C0B51EC100BFA
:10409000FCF7B1F9CDE90E019DED0E0B51EC100BC3
:1040A000FCF729FA00B2634908805948B0F90000CA
:1040B00000EE100AB8EEC00A06F04FF8B0EE408AE3
:1040C0004C4890ED000A5FEDBC0A30EE200A8DED01
:1040D000000A9DED000A06F040F8F0EE401A45484F
:1040E00090ED000A5FEDC40A30EE200A8DED000A63
:1040F0009DED000A06F031F821EE800A8DED010AEF
:104100000198FCF730FA9FED4C0B53EC102BCDE9E6
:1041100002019DED020B51EC100BFCF753F8CDE9B9
:1041200004019DED040B51EC100BFCF72FFA0690E7
:104130009DED060A05F08AFB28EE000A8DED070AC0
:104140000798FCF710FA9FED350B53EC102BCDE9D7
:1041500008019DED080B51EC100BFCF7DAF89FED10
:10416000310B53EC102BCDE90A019DED0A0B51ECFC
:10417000100BFCF7CEF89FED2D0B53EC102BCDE977
:104180000C019DED0C0B51EC100BFCF734F9CDE953
:104190000E019DED0E0B51EC100BFCF7ACF900B2CB
:1041A000274908801A48B0F9000000EE100AB8EE5E
:1041B000C00A05F0D2FFB0EE408A0E4890ED000A2A
:1041C0005FEDFA0A30EE200A8DED000A9DED000A3F
:1041D00005F0C3FFF0EE401A064890ED000ADFED4F
:1041E000190A30EE200A8DED000A9DED000A2BE041
:1041F0005C000020240000205E0000206000002001
:1042000062000020640000206600002030000020D2
:10421000340000207E8CB96B09F9E23F7715527E9D
:10422000D2732D400000000000004E40000000004E
:10423000000089408000002080B74082E2C7883FAC
:10424000820000205C8F023F05F087FF21EE800A8C
:104250008DED010A0198FCF786F91FED120B53EC66
:10426000102BCDE902019DED020B51EC100BFBF779
:10427000A9FFCDE904019DED040B51EC100BFCF7F7
:1042800085F906909DED060A05F0E0FA28EE000A91
:104290008DED070A0798FCF766F91FED200B53EC2C
:1042A000102BCDE908019DED080B51EC100BFCF72C
:1042B00030F81FED240B53EC102BCDE90A019DEDD6
:1042C0000A0B51EC100BFCF724F81FED280B53ECF4
:1042D000102BCDE90C019DED0C0B51EC100BFCF7F4
:1042E0008AF8CDE90E019DED0E0B51EC100BFCF799
:1042F00002F900B2FD490880FD48B0F9000000EE67
:10430000100AB8EEC00A05F028FFB0EE408AF9485E
:1043100090ED000ADFEDF80A30EE600A8DED000A3C
:104320009DED000A05F019FFF0EE401AF14890EDFE
:10433000000ADFEDF10A30EE600A8DED000A9DED16
:10434000000A05F00AFF21EE800A8DED010A0198AE
:10435000FCF709F91FED510B53EC102BCDE90201CD
:104360009DED020B51EC100BFBF72CFFCDE9040186
:104370009DED040B51EC100BFCF708F906909DED38
:10438000060A05F063FA28EE400A8DED070A079841
:10439000FCF7E9F81FED5F0B53EC102BCDE908019A
:1043A0009DED080B51EC100BFBF7B3FF1FED630BFA
:1043B00053EC102BCDE90A019DED0A0B51EC100BCB
:1043C000FBF7A7FF1FED670B53EC102BCDE90C019A
:1043D0009DED0C0B51EC100BFCF70DF8CDE90E0127
:1043E0009DED0E0B51EC100BFCF785F800B2C349A4
:1043F0000880BF48B0F9000000EE100AB8EEC00A0D
:1044000005F0ABFEB0EE408ABA4890ED000ADFED51
:10441000BC0A30EE600A8DED000A9DED000A05F041
:104420009CFEF0EE401AB34890ED000ADFEDB40AAE
:1044300030EE600A8DED000A9DED000A05F08DFE5C
:1044400021EE800A8DED010A0198FCF78CF81FED32
:10445000860B53EC102BCDE902019DED020B51ECC4
:10446000100BFBF7AFFECDE904019DED040B51EC01
:10447000100BFCF78BF806909DED060A05F0E6F9A7
:1044800028EE400A8DED070A0798FCF76CF81FED3F
:104490009D0B53EC102BCDE908019DED080B51EC61
:1044A000100BFBF736FF1FEDA10B53EC102BCDE9E2
:1044B0000A019DED0A0B51EC100BFBF72AFF1FEDD3
:1044C000A50B53EC102BCDE90C019DED0C0B51EC21
:1044D000100BFBF790FFCDE90E019DED0E0B51EC9B
:1044E000100BFCF708F800B2864908808048B0F944
:1044F000000000EE100AB8EEC00A05F02EFEB0EE85
:10450000408A7C4890ED000A5FEDB20A30EE600A06
:104510008DED000A9DED000A05F01FFEF0EE401A39
:10452000744890ED000A5FEDB90A30EE600A8DED37
:10453000000A9DED000A05F010FE21EE800A8DEDC7
:10454000010A0198FCF70FF81FEDCE0B53EC102B6E
:10455000CDE902019DED020B51EC100BFBF732FE91
:10456000CDE904019DED040B51EC100BFCF70EF8A6
:1045700006909DED060A05F069F928EE400A8DEDDA
:10458000070A0798FBF7EFFF1FEDDC0B53EC102B2E
:10459000CDE908019DED080B51EC100BFBF7B9FEBE
:1045A0001FEDE00B53EC102BCDE90A019DED0A0B3A
:1045B00051EC100BFBF7ADFE1FEDE40B53EC102B91
:1045C000CDE90C019DED0C0B51EC100BFBF713FF2B
:1045D000CDE90E019DED0E0B51EC100BFBF78BFF9F
:1045E00000B249490880434890ED000ADFED440AD3
:1045F000B4EEE00AF1EE10FA76DD90ED000ADFEDA0
:104600003E0A30EE200A8DED0F0ADDED0F0A9FED18
:104610003F0A04F0C5FFDFED3E0A20EE200ABCEEA3
:10462000C00A10EE100AC0F500603A49088031480F
:1046300090ED000ADFED320A30EE200A8DED0F0A10
:10464000DDED0F0A9FED340A04F0AAFFDFED300A1A
:1046500020EE200ABCEEC00A10EE100AC0F5006081
:104660002E490880234890ED000ADFED2D0A30EE38
:10467000200A8DED0F0ADDED0F0A9FED240A04F0EC
:104680008FFFDFED230A20EE200ABCEEC00A10EEF9
:10469000100A00F5006023490880164890ED000AD2
:1046A000DFED150A30EE600A8DED0F0ADDED0F0A21
:1046B0009FED160A04F074FFDFED150A20EE200AC4
:1046C000BCEEC00A10EE100AC0F500601649088062
:1046D000084890ED000ADFED0A0A30EE600A8DED21
:1046E0000F0ADDED0F0A21E04BE0000084000020FE
:1046F0003400002024000020E17A943E860000204F
:104700003333333F880000208A000020B81E453F25
:1047100084F922445C000020AE47E13D5E000020A9
:104720005C8F023F60000020620000201FED060A3F
:1047300004F036FF5FED0A0A20EE200ABCEEC00A44
:1047400010EE100AC0F50060FC490880FC4890EDAE
:10475000000A5FED0D0A30EE600A8DED0F0ADDED07
:104760000F0A1FED160A04F01BFF5FED170A20EE7B
:10477000200ABCEEC00A10EE100A00F50060F149F4
:104780000880EF4890ED000A5FED230AB4EEE00ADE
:10479000F1EE10FA6FD290ED000A5FED1F0AB4EE51
:1047A000E00AF1EE10FA66DD90ED000A5FED2E0AE8
:1047B00030EE200A8DED0F0ADDED0F0A1FED2D0AF8
:1047C00004F0EEFE5FED2E0A20EE200ABCEEC00AD9
:1047D00010EE100AC0F50060DB490880D84890ED63
:1047E000000A5FED390A30EE200A8DED0F0ADDED8B
:1047F0000F0A1FED370A04F0D3FE5FED3B0A20EEEF
:10480000200ABCEEC00A10EE100AC0F50060CF49C5
:104810000880CB4890ED000A5FED3F0A30EE200A99
:104820008DED0F0ADDED0F0A1FED480A04F0B8FE0A
:104830005FED490A20EE200ABCEEC00A10EE100A15
:1048400000F50060C2490880BD4890ED000A5FEDA8
:10485000560A30EE600A8DED0F0ADDED0F0A1FEDEE
:10486000550A04F09DFE5FED560A20EE200ABCEECC
:10487000C00A01E01BE139E010EE100AC0F500604B
:10488000B4490880AE4890ED000A5FED630A30EE4F
:10489000C00A8DED0F0ADDED0F0A1FED610A04F06D
:1048A0007FFE5FED650A20EE200ABCEEC00A10EE26
:1048B000100AA2490880A24890ED000A5FED680A3C
:1048C00030EE600A8DED0F0ADDED0F0A1FED710A63
:1048D00004F066FE5FED720A20EE200ABCEEC00A0C
:1048E00010EE100A00F5006096490880944890ED9B
:1048F000000A5FED750AB4EEE00AF1EE10FA7AD222
:1049000090ED000A5FED840A30EE200A8DED0F0A6B
:10491000DDED0F0A1FED830A04F042FE5FED840A0D
:1049200020EE200ABCEEC00A10EE100AC0F50060AE
:1049300085490880824890ED000A5FED8F0A30EECD
:10494000200A8DED0F0ADDED0F0A1FED8D0A04F030
:1049500027FE5FED910A20EE200ABCEEC00A10EEA1
:10496000100AC0F5006079490880754890ED000A8A
:104970005FED950A30EE200A8DED0F0ADDED0F0A8E
:104980001FED9E0A04F00CFE5FED9F0A20EE200A48
:10499000BCEEC00A10EE100A00F500606C490880F9
:1049A000674890ED000A5FEDAC0A30EE600A8DEDCD
:1049B0000F0ADDED0F0A1FEDAB0A04F0F1FD5FED0C
:1049C000AC0A20EE200ABCEEC00A10EE100AC0F5B8
:1049D0000060604908805A4890ED000A5FEDB80A0F
:1049E00030EEC00A8DED0F0ADDED0F0A1FEDB60A9D
:1049F00004F0D6FD00E024E05FEDBB0A20EE200AC3
:104A0000BCEEC00A10EE100A4C4908804C4890EDEC
:104A1000000A5FEDBD0A30EEC00A8DED0F0ADDED34
:104A20000F0A1FEDC60A04F0BBFD5FEDC70A20EEBA
:104A3000200ABCEEC00A10EE100AC0F580504149B1
:104A4000088041480088B0F5806F03DC4FF4806037
:104A50003D4908803D480088B0F5406F03DB4FF4C6
:104A600040603A4908803A480088B0F5406F03DB5F
:104A70004FF440603649088036480088B0F5806FB2
:104A800003DC4FF48060334908802C480088B0F57F
:104A9000806F03DC4FF48060284908802948008833
:104AA000B0F5406F75DB4FF440602649088070E038
:104AB00029480088A0F57A7000EE100AB8EEC00A06
:104AC0008DED0F0A9DED0F0A05F047FBF3EE040A8A
:104AD000B4EEE00AF1EE10FA4ED820480088A0F5B6
:104AE0007A7000EE100AB8EEC00A8DED0F0A9DED47
:104AF0000F0A05F032FBF3EE040AB4EEE00AF1EE21
:104B000010FA39D80020164908801649088016493D
:104B100008801649088016490880164908804FF415
:104B20000060094908800949088009490880094945
:104B3000088002490880034908802AE064000020B8
:104B400024000020660000205C0000205E000020A1
:104B50006000002062000020EC000020F000002037
:104B600080000020820000208400002086000020B9
:104B7000880000208A000020002008490880084999
:104B800008800849088008490880084908800849C1
:104B9000088011B0BDEC028B00BD00008000002039
:104BA0008200002084000020860000208800002071
:104BB0008A00002000BFFEE77047000070B50021AA
:104BC00000230F22C4781CB3174C246804F4E0645B
:104BD000C4F5E064C4F30721C1F10404E3B20A415F
:104BE00044789C40E1B28478144021430C07210EA4
:104BF0000E4C05786155047804F01F050124AC4083
:104C000005786D11AD0005F1E025C5F8004109E01A
:104C1000047804F01F050124AC40054D0678761198
:104C200045F8264070BD00000CED00E000E400E017
:104C300080E100E002490143024A11607047000030
:104C40000000FA050CED00E000B52DED028B87B0F9
:104C5000FD4890ED000AB5EEC00AF1EE10FA2CD135
:104C6000FA4890ED000AB5EEC00AF1EE10FA24D130
:104C7000F74890ED000AB5EEC00AF1EE10FA1CD12B
:104C80000020F4490880F4490880F4490880F44978
:104C90000880F4490880F44908804FF40060F34923
:104CA0000880F3490880F3490880F3490880F349F4
:104CB0000880F349088002F0D7BCE34890ED000A71
:104CC000B5EEC00AF1EE10FA79D0E04890ED000A96
:104CD000B5EEC00AF1EE10FA71D1DD4890ED000A90
:104CE000B5EEC00AF1EE10FA69D1D74890ED000A8E
:104CF000B1EE400ADFEDE30A20EE200ABDEEC00A65
:104D000010EE100A00B2D3490880CF4890ED000A97
:104D1000B1EE400ADFEDDB0A20EE200ABDEEC00A4C
:104D200010EE100A00B2CC490880C74890ED000A86
:104D3000B1EE400ADFEDD30A20EE200ABDEEC00A34
:104D400010EE100A00B2C5490880BF4890ED000A75
:104D5000DFEDCC0A20EE200ABDEEC00A10EE100AEC
:104D600000B2BF490880B84890ED000ADFEDC50ADF
:104D700020EE200ABDEEC00A10EE100A00B2B949BA
:104D80000880B14890ED000ADFEDBE0A20EE200A4F
:104D9000BDEEC00A10EE100A00B2B34908804FF40D
:104DA0000060B2490880B2490880B2490880B2491F
:104DB0000880B2490880B24908807CE7FFE7A24832
:104DC00090ED000AB5EEC00AF1EE10FA7ED19F48D0
:104DD00090ED000AB5EEC00AF1EE10FAF6D19C484B
:104DE00090ED000AB5EEC00AF1EE10FA6ED09FED1C
:104DF000A60A04F02BFDB0EE408A9FEDA40A04F051
:104E000025FDC8EE000A924890ED000A20EE800AC7
:104E1000DFED9C0A20EE200ABDEEC00A10EE100A5B
:104E200000B28C4908808A4890ED000ADFED950AAF
:104E300020EE200ABDEEC00A10EE100A00B286492C
:104E400008809FED930A04F001FDB0EE408A9FEDCB
:104E50008F0A04F0FBFCC8EE000A7D4890ED000AC2
:104E600020EE800ADFED870A20EE200ABDEEC00AA0
:104E700010EE100A00B2794908809FED850A04F00F
:104E8000E5FCB0EE408A9FED810A04F0DFFCC8EE3D
:104E9000000A6F4890ED000A20EE800ADFED790AE3
:104EA00020EE200ABDEEC00A10EE100A00B26C49D6
:104EB0000880674890ED000ADFED720A20EE200AB4
:104EC000BDEEC00A10EE100A00B200E011E1654923
:104ED00008809FED6F0A04F0B9FCB0EE408A9FEDA8
:104EE0006B0A04F0B3FCC8EE000A594890ED000AC2
:104EF00020EE800ADFED630A20EE200ABDEEC00A34
:104F000010EE100A00B2584908809FED621B9FED19
:104F1000630B04F045FA8DED020B9FED620B53EC31
:104F2000102B9DED020B51EC100BFBF7F2F9CDE9C4
:104F300004019DED040B51EC100BFBF7FBFA00F59F
:104F400080604A4908809FED591B9FED5A0B04F081
:104F500027FA8DED020B9FED530B53EC102B9DEDBB
:104F6000020B51EC100BFBF7D4F9CDE904019DEDD8
:104F7000040B51EC100BFBF7DDFA00F580603C49A7
:104F800008809FED441B9FED4D0B04F009FA8DED59
:104F9000020B9FED440B53EC102B9DED020B51ECDB
:104FA000100BFBF7B6F9CDE904019DED040B51ECB4
:104FB000100BFBF7BFFAC0F540602E4908809FED4B
:104FC000351B9FED360B04F0EBF98DED020B9FEDD9
:104FD000350B53EC102B9DED020B51EC100BFBF736
:104FE00098F9CDE904019DED040B51EC100BFBF792
:104FF000A1FAC0F54060204908809FED2C1B9FED71
:105000002D0B04F0CDF98DED020B9FED260B53EC2B
:10501000102B9DED020B51EC100BFBF77AF9CDE94B
:1050200004019DED040B51EC100BFBF783FAC0F566
:105030004060124908809FED171B9FED200B04F084
:10504000AFF98DED020B3DE0500000205400002030
:1050500058000020800000208200002084000020F2
:1050600086000020880000208A0000205C000020CC
:105070005E0000206000002062000020640000202C
:105080006600002000009643DF4F2D3FA089003FBF
:10509000355E5A3FA4703D0AD7A3E83F8FC2F5287A
:1050A0005C8FD23FC971A774305F8440295C8FC286
:1050B000F528BC3F666666666666E63F52B81E85A2
:1050C000EB51E03F1FED090B53EC102B9DED020B54
:1050D00051EC100BFBF71DF9CDE904019DED040B1C
:1050E00051EC100BFBF726FA00F58060FE490880B2
:1050F000E1E5FE4890ED000AB5EEC00AF1EE10FAC7
:1051000002F03682FA4890ED000AB5EEC00AF1EEE0
:1051100010FA42F02D82F74890ED000AB5EEC00A71
:10512000F1EE10FAECD0F14890ED000AB5EEC00AAD
:10513000F1EE10FA7CDDEF4890ED000AB5EEC00A02
:10514000F1EE10FAF6DDE94890ED000AE948D0EDFD
:10515000000A80EE201AE84880ED001AE54890ED3C
:10516000000A04F0FAFFB0EE408AE34890ED000A2E
:10517000DFEDE20A30EE600A8DED000A9DED000AD7
:1051800004F0EBFFF0EE401ADB4890ED000ADFED93
:10519000DB0A30EE600A8DED000A9DED000A04F096
:1051A000DCFF21EE800A8DED010A0198FBF7DBF9A7
:1051B0009FEDD30B53EC102BCDE902019DED020BBB
:1051C00051EC100BFAF7FEFFCDE904019DED040B45
:1051D00051EC100BFBF7DAF906909DED060A04F08E
:1051E00035FB28EE400A5FED590A20EE200ABDEE9D
:1051F000C00A10EE100A00B2C3490880BD4890ED05
:10520000000A04F0AAFFB0EE408ABB4890ED000A05
:10521000DFEDBE0A30EE600A8DED000A9DED000A5A
:1052200004F09BFFF0EE401AB34890ED000A00E056
:10523000F9E3DFEDB60A30EE600A8DED000A9DED70
:10524000000A04F08AFF21EE800A8DED010A019820
:10525000FBF789F99FEDAE0B53EC102BCDE9020162
:105260009DED020B51EC100BFAF7ACFFCDE90401F8
:105270009DED040B51EC100BFBF788F906909DEDAA
:10528000060A04F0E3FA28EE400A5FED820A20EEF7
:10529000200ABDEEC00A10EE100A00B29E49088036
:1052A000944890ED000A04F058FFB0EE408A92480E
:1052B00090ED000ADFED990A30EE600A8DED000AEC
:1052C0009DED000A04F049FFF0EE401A8A4890ED87
:1052D000000ADFED920A30EE600A8DED000A9DEDC6
:1052E000000A04F03AFF21EE800A8DED010A0198D0
:1052F000FBF739F99FED820B53EC102BCDE902013E
:105300009DED020B51EC100BFAF75CFFCDE90401A7
:105310009DED040B51EC100BFBF738F906909DED59
:10532000060A04F093FA28EE400A5FEDAA0A20EE7E
:10533000200ABDEEC00A10EE100A00B278490880BB
:105340006C4890ED000A04F008FFB0EE408A6A480D
:1053500090ED000ADFED690A30EE200A8DED000ABB
:105360009DED000A04F0F9FEF0EE401A624890ED5F
:10537000000ADFED620A30EE200A8DED000A9DED95
:10538000000A04F0EAFE21EE800A8DED010A019880
:10539000FBF7E9F89FED5A0B53EC102BCDE9020116
:1053A0009DED020B51EC100BFAF70CFFCDE9040157
:1053B0009DED040B51EC100BFBF7E8F806909DED0A
:1053C000060A04F043FA28EE000A5FEDD20A20EE46
:1053D000200ABDEEC00A10EE100A00B25149088042
:1053E000444890ED000A04F0B8FEB0EE408A42480E
:1053F00090ED000ADFED450A30EE200A8DED000A3F
:105400009DED000A04F0A9FEF0EE401A3A4890ED36
:10541000000ADFED3E0A30EE200A8DED000A9DED18
:10542000000A04F09AFE21EE800A8DED010A01982F
:10543000FBF799F89FED360B53EC102BCDE90201E9
:105440009DED020B51EC100BFAF7BCFECDE9040107
:105450009DED040B51EC100BFBF798F806909DEDB9
:10546000060A04F0F3F928EE000A5FEDFA0A20EECE
:10547000200ABDEEC00A10EE100A00B22A490880C8
:105480001C4890ED000A04F068FEB0EE408A1A480D
:1054900090ED000ADFED210A30EE200A8DED000AC2
:1054A0009DED000A04F059FEF0EE401A124890ED0E
:1054B000000ADFED1A0A30EE200A8DED000A9DED9C
:1054C000000A04F04AFE21EE800A8DED010A0198DF
:1054D000FBF749F89FED0A0B53EC102BCDE90201C5
:1054E0009DED020B22E0000066000020500000202D
:1054F000540000205800002024000020E17A943E4F
:105500007E8CB96B09F9E23F800000203333333FD2
:1055100080B74082E2C7883F820000205C8F023F54
:1055200084000020860000208800002051EC100B31
:10553000FAF748FECDE904019DED040B51EC100B88
:10554000FBF724F806909DED060A04F07FF928EE9B
:10555000000ADFEDFC0A20EE200ABDEEC00A10EEC4
:10556000100A00B2F8490880F84890ED000A5FED93
:10557000190AB4EEE00AF1EE10FA7CDD90ED000AB3
:105580005FED220A30EE600A8DED060ADDED060AB7
:105590009FEDEF0A04F004F8DFEDEE0A20EE200A9A
:1055A000BCEEC00A10EE100A00F50060EA4908805F
:1055B000E64890ED000A5FED2B0A30EE600A8DEDB3
:1055C000060ADDED060A9FEDE50A03F0E9FFDFEDCF
:1055D000E10A20EE200ABCEEC00A10EE100A00F527
:1055E0000060DF490880D94890ED000A5FED350A78
:1055F00030EE600A8DED060ADDED060A9FEDD40A55
:1056000003F0CEFFDFEDD30A20EE200ABCEEC00A85
:1056100010EE100AC0F50060D2490880CB4890ED2A
:10562000000A5FED4A0A30EE200A8DED060ADDED34
:10563000060A9FEDC70A03F0B3FFDFEDC60A20EEAE
:10564000200ABCEEC00A10EE100A00F50060C64940
:105650000880BE4890ED000A5FED540A30EE200A43
:105660008DED060ADDED060A9FEDBC0A03F098FFFA
:10567000DFEDB80A00E024E020EE200ABCEEC00A0C
:1056800010EE100A00F50060B8490880AF4890EDB0
:10569000000A5FED5E0A30EE200A8DED060ADDEDB0
:1056A000060A9FEDAB0A03F07BFFDFEDAA0A20EEAE
:1056B000200ABCEEC00A10EE100AC0F50060AC492A
:1056C0000880A24890ED000A5FED700AB4EEE00A8F
:1056D000F1EE10FA7DD890ED000A5FED700AB4EE9D
:1056E000E00AF1EE10FA74DD90ED000A5FED7D0A3C
:1056F00030EE600A8DED060ADDED060A9FED940A94
:1057000003F04EFFDFED930A20EE200ABCEEC00A44
:1057100010EE100A00F500608F4908808B4890ED6C
:10572000000A5FED860A30EEC00A8DED060ADDED57
:10573000060A9FED8A0A03F033FFDFED860A20EEAA
:10574000200ABCEEC00A10EE100AC0F58050844951
:1057500008807E4890ED000A5FED900A30EE600A06
:105760008DED060ADDED060A9FED790A03F018FFBC
:10577000DFED780A20EE200ABCEEC00A10EE100A17
:10578000C0F5006077490880704890ED000A5FED31
:10579000A50A30EE200A8DED060ADDED060A9FED22
:1057A0006C0A03F0FDFEDFED6B0A20EE200ABCEE72
:1057B000C00A10EE100A00F500606B4908806348CB
:1057C00090ED000A5FEDAF0A30EE200A8DED060A7B
:1057D00000E02CE0DDED060A9FED600A03F0E0FE3C
:1057E000DFED5C0A20EE200ABCEEC00A10EE100AC3
:1057F00000F500605D490880544890ED000A5FEDB7
:10580000B90A30EE200A8DED060ADDED060A9FED9D
:10581000500A03F0C5FEDFED4F0A20EE200ABCEE71
:10582000C00A10EE100AC0F50060514908804748D0
:1058300090ED000A5FEDC70AB4EEE00AF1EE10FA4F
:105840007ED890ED000A5FEDD30A30EE600A8DED50
:10585000060ADDED060A9FED3E0A03F0A1FEDFED2C
:105860003D0A20EE200ABCEEC00A10EE100A00F538
:10587000006039490880354890ED000A5FEDDD0A87
:1058800030EEC00A8DED060ADDED060A9FED330A03
:1058900003F086FEDFED2F0A20EE200ABCEEC00AE0
:1058A00010EE100AC0F580502D490880274890ED71
:1058B000000A5FEDE60A30EEC00A8DED060ADDED66
:1058C000060A9FED230A03F06BFEDFED220A20EEAD
:1058D000200ABCEEC00A10EE100A224908801B48BC
:1058E00090ED000A5FEDFB0A30EE200A8DED060A0E
:1058F000DDED060A9FED160A03F052FEDFED150AF4
:1059000020EE200ABCEEC00A10EE100A00F500607E
:10591000154908800D4890ED000ADFED160A30EEBB
:10592000200A8DED060ADDED060A9FED0C0A03F054
:1059300037FEDFED080A20EE200ABCEEC00A1BE0AD
:105940003BE00000000096438A0000202400002075
:10595000B81E453F84F922445C000020AE47E13D7B
:105960005E00002060000020620000206400002033
:10597000660000203333333F10EE100A00F500605C
:10598000FE490880FE4890ED000ADFEDFE0A30EE89
:10599000200A8DED060ADDED060A1FED130A03F05D
:1059A000FFFD5FED140A20EE200ABCEEC00A10EEE7
:1059B000100AC0F50060F4490880F4480088B0F58A
:1059C000406F03DB4FF44060F0490880F0480088E6
:1059D000B0F5406F03DB4FF44060ED490880ED48BF
:1059E0000088B0F5806F03DC4FF48060E9490880DF
:1059F000E9480088B0F5406F03DB4FF44060E649AA
:105A00000880DE480088B0F5406F03DB4FF440604B
:105A1000DA490880DC480088B0F5806F03DC4FF479
:105A20008060D9490880DD4890ED000AB5EEC00AD3
:105A3000F1EE10FA7ED2DA4890ED000AB5EEC00A17
:105A4000F1EE10FA76DDD54890ED000AB1EE400A8D
:105A5000D348D0ED000A80EE201AC94880ED001A24
:105A6000CF4890ED000A04F078FBB0EE408AC448BD
:105A700090ED000ADFEDCB0A30EE600A8DED000AF2
:105A80009DED000A04F069FBF0EE401ABC4890ED71
:105A9000000ADFEDC40A30EE600A8DED000A9DEDCC
:105AA000000A04F05AFB21EE800A8DED010A0198EC
:105AB000FAF759FD9FEDBC0B53EC102BCDE9020119
:105AC0009DED020B51EC100BFAF77CFBCDE90401C4
:105AD0009DED040B51EC100BFAF758FD06909DED6F
:105AE000060A03F0B3FE28EE000A5FED6A0A20EE14
:105AF000200ABDEEC00A10EE100A00B2AC490880C0
:105B0000A74890ED000A04F028FBB0EE408A9C48BC
:105B100090ED000A5FED690A30EE600A8DED000A33
:105B20009DED000A04F019FBF0EE401A944890ED48
:105B3000000A00E0FDE35FED710A30EE600A8DEDD2
:105B4000000A9DED000A04F008FB21EE800A8DEDAD
:105B5000010A0198FAF707FD9FED960B53EC102B05
:105B6000CDE902019DED020B51EC100BFAF72AFB77
:105B7000CDE904019DED040B51EC100BFAF706FD85
:105B800006909DED060A03F061FE28EE000A5FED27
:105B9000930A20EE200ABDEEC00A10EE100A00B2F1
:105BA000864908807E4890ED000A04F0D6FAB0EEEF
:105BB000408A734890ED000ADFED720A30EE600A09
:105BC0008DED000A9DED000A04F0C7FAF0EE401AD0
:105BD0006B4890ED000ADFED6B0A30EE600A8DED48
:105BE000000A9DED000A04F0B8FA21EE800A8DED5E
:105BF000010A0198FAF7B7FC9FED6B0B53EC102BE1
:105C0000CDE902019DED020B51EC100BFAF7DAFA27
:105C1000CDE904019DED040B51EC100BFAF7B6FC35
:105C200006909DED060A03F011FE28EE000A5FEDD6
:105C3000BB0A20EE200ABDEEC00A10EE100A00B228
:105C40005F490880564890ED000A04F086FAB0EEED
:105C5000408A4B4890ED000ADFED520A30EE200AF0
:105C60008DED000A9DED000A04F077FAF0EE401A7F
:105C7000434890ED000ADFED4B0A30EE200A8DED2F
:105C8000000A9DED000A04F068FA21EE800A8DED0D
:105C9000010A0198FAF767FC9FED430B53EC102BB8
:105CA000CDE902019DED020B51EC100BFAF78AFAD7
:105CB000CDE904019DED040B51EC100BFAF766FCE5
:105CC00006909DED060A03F0C1FD28EE400A5FED47
:105CD000E30A20EE200ABDEEC00A10EE100A00B260
:105CE000384908802E4890ED000A04F036FAB0EEEC
:105CF000408A234890ED000A5FEDE20A30EE200A68
:105D00008DED000A9DED000A04F027FAF0EE401A2E
:105D10001B4890ED000A5FEDE90A30EE200A8DED98
:105D2000000A9DED000A04F018FA21EE800A8DEDBC
:105D3000010A0198FAF717FC9FED1E0B53EC102B8C
:105D4000CDE902019DED020B51EC100BFAF73AFA86
:105D5000CDE904019DED040B51EC100BFAF716FC94
:105D600006909DED060A03F071FD28EE400ADFED76
:105D7000160A20EE200ABDEEC00A27E064000020CB
:105D8000240000205C8F023F660000205C000020A1
:105D90005E00002060000020620000205000002013
:105DA00058000020E17A943E7E8CB96B09F9E23FFD
:105DB0008000002080B74082E2C7883F8200002038
:105DC00084000020860000200000964310EE100A98
:105DD00000B2FE490880FE4890ED000A04F0BDF9CB
:105DE000B0EE408AFB4890ED000A5FED1A0A30EEF3
:105DF000200A8DED000A9DED000A04F0AEF9F0EEE8
:105E0000401AF44890ED000A5FED220A30EE200AB5
:105E10008DED000A9DED000A04F09FF921EE800A45
:105E20008DED010A0198FAF79EFB1FED210B53EC53
:105E3000102BCDE902019DED020B51EC100BFAF78E
:105E4000C1F9CDE904019DED040B51EC100BFAF7FB
:105E50009DFB06909DED060A03F0F8FC28EE400A33
:105E60005FED270A20EE200ABDEEC00A10EE100AF0
:105E700000B2D9490880D74890ED000ADFEDD70A73
:105E8000B4EEE00AF1EE10FA7EDD90ED000A5FED6F
:105E90003B0A30EE600A8DED060ADDED060A9FED45
:105EA000D00A03F07DFBDFEDCF0A20EE200ABCEE26
:105EB000C00A10EE100A00F50060CB490880C54802
:105EC00090ED000ADFEDC50A30EE600A8DED060A9E
:105ED000DDED060A9FEDC50A03F062FBDFEDC10AA6
:105EE00020EE200ABCEEC00A10EE100A00F5006099
:105EF000BF490880B74890ED000A5FED5E0A30EEBA
:105F0000600A8DED060ADDED060A9FEDB50A03F085
:105F100047FBDFEDB40A20EE200ABCEEC00A10EE0B
:105F2000100AC0F50060B3490880AA4890ED000A45
:105F30005FED640A30EE200A8DED060ADDED060AFB
:105F40009FEDA70A03F02CFBDFEDA60A20EE200A46
:105F5000BCEEC00A10EE100A00F50060A6490880E9
:105F60009C4890ED000ADFED9D0A30EE200A8DED91
:105F7000060ADDED060A9FED9D0A03F011FBDFED39
:105F8000990A20EE200A00E022E0BCEEC00A10EEE2
:105F9000100A00F50060994908808E4890ED000ACB
:105FA0005FED880A30EE200A8DED060ADDED060A67
:105FB0009FED8B0A03F0F4FADFED8A0A20EE200A47
:105FC000BCEEC00A10EE100AC0F500608C490880D3
:105FD000804890ED000ADFED810AB4EEE00AF1EEB0
:105FE00010FA7DD890ED000A5FED9A0AB4EEE00A4F
:105FF000F1EE10FA74DD90ED000A5FED960A30EED6
:10600000600A8DED060ADDED060A9FED750A03F0C4
:10601000C7FADFED740A20EE200ABCEEC00A10EECB
:10602000100A00F50060704908806A4890ED000A87
:10603000DFED6A0A30EEC00A8DED060ADDED060AD4
:106040009FED6A0A03F0ACFADFED660A20EE200A43
:10605000BCEEC00A10EE100AC0F5805064490880FA
:106060005C4890ED000A5FEDB90A30EE600A8DEDF4
:10607000060ADDED060A9FED5A0A03F091FADFEDFC
:10608000590A20EE200ABCEEC00A10EE100AC0F534
:106090000060584908804F4890ED000A5FEDBF0A44
:1060A00030EE200A8DED060ADDED060A9FED4C0A62
:1060B00003F076FADFED4B0A20EE200ABCEEC00AB0
:1060C00010EE100A00F500604B490880414890ED41
:1060D000000ADFED420A30EE200A8DED060A00E0EC
:1060E0002CE0DDED060A9FED410A03F059FADFEDE1
:1060F0003D0A20EE200ABCEEC00A10EE100A00F5A0
:1061000000603E490880334890ED000A5FEDE30AE5
:1061100030EE200A8DED060ADDED060A9FED300A0D
:1061200003F03EFADFED2F0A20EE200ABCEEC00A93
:1061300010EE100AC0F5006031490880254890ED46
:10614000000A5FEDF00AB4EEE00AF1EE10FA7DD835
:1061500090ED000A5FEDED0A30EE600A8DED060A63
:10616000DDED060A9FED1E0A03F01AFADFED1D0AA7
:1061700020EE200ABCEEC00A10EE100A00F5006006
:1061800019490880134890ED000ADFED140A30EE3B
:10619000C00A8DED060ADDED060A9FED140A03F034
:1061A000FFF9DFED100A20EE200ABCEEC00A10EE67
:1061B000100AC0F580500E490880064890ED000A8C
:1061C000DFED100A30EEC00A1EE00000880000205B
:1061D00058000020240000208A0000203333333F81
:1061E000B81E453F84F922445C000020AE47E13DE3
:1061F0005E0000206000002062000020640000209B
:10620000660000205C8F023F8DED060ADDED060A78
:106210001FED0D0A03F0C4F95FED0E0A20EE200A0F
:10622000BCEEC00A10EE100AFE490880FE4890ED50
:10623000000ADFEDFE0A30EE200A8DED060ADDEDE4
:10624000060A1FED190A03F0ABF900E041E05FED2B
:106250001B0A20EE200ABCEEC00A10EE100A00F560
:106260000060F3490880F04890ED000A5FED250AD0
:1062700030EE200A8DED060ADDED060A1FED250A37
:1062800003F08EF95FED290A20EE200ABCEEC00A69
:1062900010EE100A00F50060E6490880E24890ED33
:1062A000000A5FED280A30EE200A8DED060ADDEDCA
:1062B000060A1FED350A03F073F95FED360A20EE8A
:1062C000200ABCEEC00A10EE100AC0F50060DA49E0
:1062D0000880DA480088B0F5406F03DB4FF4406077
:1062E000D6490880D6480088B0F5406F03DB4FF4EC
:1062F0004060D3490880CB480088B0F5806F03DC4C
:106300004FF48060C7490880C9480088B0F5406FE5
:1063100003DB4FF44060C6490880C6480088B0F5EA
:10632000406F03DB4FF44060C2490880C2480088D8
:1063300000E006E0B0F5806F03DC4FF48060BE49FA
:106340000880C04890ED000AB5EEC00AF1EE10FAE0
:106350007EDDBD4890ED000AB5EEC00AF1EE10FA00
:1063600076D2B84890ED000AB1EE400AB648D0EDBA
:10637000000A80EE201AAC4880ED001AB24890ED79
:10638000000A03F0EAFEB0EE408AA74890ED000A4A
:10639000DFEDA60A30EE200A8DED000A9DED000A21
:1063A00003F0DBFEF0EE401A9F4890ED000ADFEDAF
:1063B0009F0A30EE200A8DED000A9DED000A03F0E1
:1063C000CCFE21EE800A8DED010A0198FAF7CBF898
:1063D0009FED9E0B53EC102BCDE902019DED020BBE
:1063E00051EC100BF9F7EEFECDE904019DED040B25
:1063F00051EC100BFAF7CAF806909DED060A03F06F
:1064000025FA28EE400ADFED930A20EE200ABDEEC1
:10641000C00A10EE100A00B28F4908808A4890ED39
:10642000000A03F09AFEB0EE408A7F4890ED000A21
:106430005FED960A30EE200A8DED000A9DED000A10
:1064400003F08BFEF0EE401A774890ED000A00E072
:10645000FEE35FED9E0A30EE200A8DED000A9DED11
:10646000000A03F07AFE21EE800A8DED010A019800
:10647000FAF779F89FED790B53EC102BCDE9020177
:106480009DED020B51EC100BF9F79CFECDE90401D8
:106490009DED040B51EC100BFAF778F806909DED8A
:1064A000060A03F0D3F928EE400ADFED6A0A20EE6F
:1064B000200ABDEEC00A10EE100A00B26949088039
:1064C000614890ED000A03F048FEB0EE408A56485D
:1064D00090ED000A5FEDB50A30EE200A8DED000A5E
:1064E0009DED000A03F039FEF0EE401A4E4890EDA3
:1064F000000A5FEDBC0A30EE200A8DED000A9DED2A
:10650000000A03F02AFE21EE800A8DED010A0198AF
:10651000FAF729F89FED4D0B53EC102BCDE9020152
:106520009DED020B51EC100BF9F74CFECDE9040187
:106530009DED040B51EC100BFAF728F806909DED39
:10654000060A03F083F928EE400ADFED420A20EE46
:10655000200ABDEEC00A10EE100A00B242490880BF
:10656000394890ED000A03F0F8FDB0EE408A2E485D
:1065700090ED000ADFED2D0A30EE600A8DED000A85
:106580009DED000A03F0E9FDF0EE401A264890ED7B
:10659000000ADFED260A30EE600A8DED000A9DED5F
:1065A000000A03F0DAFD21EE800A8DED010A019860
:1065B000F9F7D9FF9FED250B53EC102BCDE9020124
:1065C0009DED020B51EC100BF9F7FCFDCDE9040138
:1065D0009DED040B51EC100BF9F7D8FF06909DEDE3
:1065E000060A03F033F928EE000ADFED1A0A20EE5E
:1065F000200ABDEEC00A10EE100A00B21B49088046
:10660000114890ED000A03F0A8FDB0EE408A06485C
:1066100090ED000ADFED160A30EE600A8DED000AFB
:1066200028E000006000002024000020E17A943E71
:106630006200002064000020660000205C00002052
:106640005E00002050000020580000207E8CB96BB6
:1066500009F9E23F000096438000002080B74082A5
:10666000E2C7883F820000208400002086000020CE
:106670003333333F9DED000A03F06FFDF0EE401A17
:10668000FE4890ED000A5FED060A30EE600A8DEDDF
:10669000000A9DED000A03F060FD21EE800A8DEDF9
:1066A000010A0198F9F75FFF1FED140B53EC102B53
:1066B000CDE902019DED020B51EC100BF9F782FDC3
:1066C000CDE904019DED040B51EC100BF9F75EFFD1
:1066D00006909DED060A03F0B9F828EE000A5FED7A
:1066E000230A20EE200ABDEEC00A10EE100A00B206
:1066F000E3490880E34890ED000A03F02EFDB0EE78
:10670000408ADE4890ED000ADFEDDF0A30EE600AD5
:106710008DED000A9DED000A03F01FFDF0EE401A1A
:10672000D64890ED000ADFEDD80A30EE600A8DED14
:10673000000A9DED000A03F010FD21EE800A8DEDA8
:10674000010A0198F9F70FFF1FED400B53EC102BD6
:10675000CDE902019DED020B51EC100BF9F732FD72
:10676000CDE904019DED040B51EC100BF9F70EFF80
:1067700006909DED060A03F069F828EE000A5FED29
:106780004B0A20EE200ABDEEC00A10EE100A00B23D
:10679000BE490880B94890ED000A5FED4B0AB4EE9F
:1067A000E00AF1EE10FA7ADD90ED000A5FED610A81
:1067B00030EE200A8DED060ADDED060A9FEDB40AE3
:1067C00002F0EEFEDFEDB30A20EE200ABCEEC00AB6
:1067D00010EE100AC0F50060AF490880A74890EDA0
:1067E000000A5FED5D0A30EE200A8DED060ADDED50
:1067F000060A9FEDAA0A02F0D3FEDFEDA60A20EEFC
:10680000200ABCEEC00A10EE100AC0F50060A449D0
:1068100008809A4890ED000ADFED9B0A30EE200ACE
:106820008DED060ADDED060A9FED990A02F0B8FE2D
:10683000DFED980A20EE200ABCEEC00A10EE100A26
:1068400000F50060974908808C4890ED000A5FEDE4
:10685000890A30EE600A8DED060ADDED060A9FED2D
:106860008C0A02F09DFEDFED8B0A20EE200ABCEEC2
:10687000C00A10EE100AC0F500608B4908807F48FE
:1068800090ED000A5FED860A30EE600A8DED060A93
:10689000DDED060A9FED810A02F082FE00E026E0AF
:1068A000DFED7C0A20EE200ABCEEC00A10EE100AD2
:1068B000C0F500607D490880704890ED000ADFED6A
:1068C000720A30EE600A8DED060ADDED060A9FEDD4
:1068D000700A02F065FEDFED6F0A20EE200ABCEEC2
:1068E000C00A10EE100A00F5006071490880634884
:1068F00090ED000A5FEDA20AB4EEE00AF1EE10FAA4
:106900007DD290ED000ADFED600AB4EEE00AF1EE10
:1069100010FA74DD90ED000A5FEDBC0A30EE200A3B
:106920008DED060ADDED060A9FED590A02F038FEEC
:10693000DFED580A20EE200ABCEEC00A10EE100A65
:10694000C0F50060544908804C4890ED000A5FEDA6
:10695000B80A30EE200A8DED060ADDED060A9FED3D
:106960004F0A02F01DFEDFED4B0A20EE200ABCEEBE
:10697000C00A10EE100AC0F50060494908803F487F
:1069800090ED000ADFED400A30EE200A8DED060A98
:10699000DDED060A9FED3E0A02F002FEDFED3D0A44
:1069A00020EE200ABCEEC00A10EE100A00F50060CE
:1069B0003C490880314890ED000A5FEDE40A30EE72
:1069C000600A8DED060ADDED060A9FED310A02F040
:1069D000E7FDDFED300A20EE200ABCEEC00A10EE23
:1069E000100AC0F5006030490880244890ED000A84
:1069F0005FEDE10A30EEC00A8DED060A00E02AE004
:106A0000DDED060A9FED250A02F0CAFDDFED210A41
:106A100020EE200ABCEEC00A10EE100A23490880BE
:106A2000164890ED000ADFED180A30EE600A8DED91
:106A3000060ADDED060A9FED160A02F0B1FDDFED54
:106A4000150A20EE200ABCEEC00A10EE100A00F56E
:106A5000006017490880094890ED000ADFED0A0A36
:106A6000B4EEE00AF1EE10FA7ED290ED000ADFED0E
:106A7000110A30EE200A8DED060A1DE024000020E8
:106A800088000020580000205C8F023F8A00002010
:106A9000B81E453F84F922445C000020AE47E13D2A
:106AA0005E000020600000206200002064000020E2
:106AB00066000020E17A943EDDED060A1FED0C0A27
:106AC00002F06EFD5FED0D0A20EE200ABCEEC00A5A
:106AD00010EE100AC0F50060FE490880FE4890EDF7
:106AE000000ADFEDFE0A30EE200A8DED060ADDED2C
:106AF000060A1FED160A02F053FD5FED1A0A20EE9A
:106B0000200ABCEEC00A10EE100AC0F50060F4497D
:106B10000880F14890ED000A5FED250A30EE200A6A
:106B20008DED060ADDED060A1FED270A02F038FD9D
:106B30005FED280A20EE200ABCEEC00A10EE100A13
:106B400000F50060E7490880E34890ED000A5FED3A
:106B5000270A30EE600A8DED060ADDED060A1FED0C
:106B6000340A02F01DFD00E03FE05FED360A20EE42
:106B7000200ABCEEC00A10EE100AC0F50060DA4927
:106B80000880D54890ED000ADFEDD40A30EEC00A47
:106B90008DED060ADDED060A1FED400A02F000FD4C
:106BA0005FED440A20EE200ABCEEC00A10EE100A87
:106BB000CE490880C84890ED000A5FED4D0A30EEDE
:106BC000C00A8DED060ADDED060A1FED4F0A02F040
:106BD000E7FC5FED500A20EE200ABCEEC00A10EE82
:106BE000100AC0F58050C2490880BA480088B0F544
:106BF000806F03DC4FF48060B6490880B848008895
:106C0000B0F5406F03DB4FF44060B5490880B548EC
:106C10000088B0F5406F03DB4FF44060B149088055
:106C2000B1480088B0F5806F03DC4FF48060AE4956
:106C30000880AE480088B0F5806F03DC4FF48060B8
:106C4000AA490880AA480088B0F5406F05DB00E03B
:106C500003E04FF44060A6490880A64890ED000A82
:106C6000B5EEC00AF1EE10FA7ED2A34890ED000A0C
:106C7000B5EEC00AF1EE10FAF6D29E4890ED000A89
:106C80009D48D0ED000A80EE201A934880ED001A4E
:106C9000994890ED000A03F060FAB0EE408A8E4801
:106CA00090ED000A5FED7D0A30EE200A8DED000ABE
:106CB0009DED000A03F051FAF0EE401A864890ED7F
:106CC000000A5FED840A30EE200A8DED000A9DED8A
:106CD000000A03F042FA21EE800A8DED010A0198C4
:106CE000F9F741FC9FED850B53EC102BCDE9020128
:106CF0009DED020B51EC100BF9F764FACDE904019C
:106D00009DED040B51EC100BF9F740FC06909DED46
:106D1000060A02F09BFD28EE000ADFED7A0A20EE5B
:106D2000200ABDEEC00A10EE100A00B276490880B3
:106D3000714890ED000A03F010FAB0EE408A664800
:106D400090ED000ADFED650A30EE200A8DED000AB5
:106D50009DED000A03F001FAF0EE401A5E4890ED56
:106D6000000ADFED5E0A00E0FEE330EE200A8DED62
:106D7000000A9DED000A03F0F0F921EE800A8DED86
:106D8000010A0198F9F7EFFB9FED600B53EC102B14
:106D9000CDE902019DED020B51EC100BF9F712FA4F
:106DA000CDE904019DED040B51EC100BF9F7EEFB5E
:106DB00006909DED060A02F049FD28EE000ADFED7F
:106DC000510A20EE200ABDEEC00A10EE100A00B2F1
:106DD00050490880484890ED000A03F0BEF9B0EE33
:106DE000408A3D4890ED000A5FEDD90A30EE200A56
:106DF0008DED000A9DED000A03F0AFF9F0EE401AA8
:106E0000354890ED000A5FEDE00A30EE200A8DED86
:106E1000000A9DED000A03F0A0F921EE800A8DED35
:106E2000010A0198F9F79FFB9FED340B53EC102BEF
:106E3000CDE902019DED020B51EC100BF9F7C2F9FF
:106E4000CDE904019DED040B51EC100BF9F79EFB0D
:106E500006909DED060A02F0F9FC28EE000ADFED2F
:106E6000290A20EE200ABDEEC00A10EE100A00B278
:106E700029490880204890ED000A03F06EF9B0EE31
:106E8000408A154890ED000A5FEDF60A30EE600A80
:106E90008DED000A9DED000A03F05FF9F0EE401A57
:106EA0000D4890ED000ADFED1D0A30EE600A8DED11
:106EB000000A9DED000A03F050F921EE800A8DEDE5
:106EC000010A0198F9F74FFB9FED0C0B53EC102BC7
:106ED00026E000005C000020240000203333333F14
:106EE0005E0000206000002062000020640000209E
:106EF0006600002050000020580000207E8CB96BF6
:106F000009F9E23F000096438000002080B74082EC
:106F1000E2C7883F8200002084000020E17A943E8E
:106F2000CDE902019DED020B51EC100BF9F74AF986
:106F3000CDE904019DED040B51EC100BF9F726FB94
:106F400006909DED060A02F081FC28EE400A5FEDF6
:106F5000130A20EE200ABDEEC00A10EE100A00B29D
:106F6000FE490880FE4890ED000A03F0F6F8B0EE06
:106F7000408AFC4890ED000A5FED280A30EE600A76
:106F80008DED000A9DED000A03F0E7F8F0EE401ADF
:106F9000F44890ED000A5FED2F0A30EE600A8DEDA7
:106FA000000A9DED000A03F0D8F821EE800A8DED6D
:106FB000010A0198F9F7D7FA1FED2C0B53EC102BAF
:106FC000CDE902019DED020B51EC100BF9F7FAF837
:106FD000CDE904019DED040B51EC100BF9F7D6FA45
:106FE00006909DED060A02F031FC28EE400A5FEDA6
:106FF0003B0A20EE200ABDEEC00A10EE100A00B2D5
:10700000D9490880D64890ED000A03F0A6F8B0EE02
:10701000408AD44890ED000ADFEDD40A30EE600AD1
:107020008DED000A9DED000A03F097F8F0EE401A8E
:10703000CC4890ED000ADFEDCD0A30EE600A8DED10
:10704000000A9DED000A03F088F821EE800A8DED1C
:10705000010A0198F9F787FA1FED580B53EC102B32
:10706000CDE902019DED020B51EC100BF9F7AAF8E6
:10707000CDE904019DED040B51EC100BF9F786FAF4
:1070800006909DED060A02F0E1FB28EE400A5FED56
:10709000630A20EE200ABDEEC00A10EE100A00B20C
:1070A000B3490880AF4890ED000A5FED740AB4EE72
:1070B000E00AF1EE10FA7ADD90ED000A5FED690A60
:1070C00030EE200A8DED060ADDED060A9FEDA90AD5
:1070D00002F066FADFEDA80A20EE200ABCEEC00A34
:1070E00010EE100AC0F50060A44908809D4890ED9C
:1070F000000A5FED860A30EE200A8DED060ADDED0E
:10710000060A9FED9F0A02F04BFADFED9B0A20EE84
:10711000200ABCEEC00A10EE100AC0F500609949C2
:107120000880904890ED000ADFED900A30EE200ACA
:107130008DED060ADDED060A9FED8E0A02F030FAAB
:10714000DFED8D0A20EE200ABCEEC00A10EE100A18
:1071500000F500608C490880824890ED000A5FEDE0
:10716000910A30EE600A8DED060ADDED060A9FED0C
:10717000810A02F015FADFED800A20EE200ABCEE4B
:10718000C00A10EE100AC0F50060804908807548FA
:1071900090ED000A5FEDAF0A30EE600A8DED060A51
:1071A000DDED060A9FED760A02F0FAF900E026E02E
:1071B000DFED710A20EE200ABCEEC00A10EE100AC4
:1071C000C0F5006072490880664890ED000ADFED66
:1071D000670A30EE600A8DED060ADDED060A9FEDC6
:1071E000650A02F0DDF9DFED640A20EE200ABCEE4C
:1071F000C00A10EE100A00F5006066490880594880
:1072000090ED000A5FEDCB0AB4EEE00AF1EE10FA61
:107210007DD290ED000ADFED550AB4EEE00AF1EE02
:1072200010FA74DD90ED000A5FEDC40A30EE200A1A
:107230008DED060ADDED060A9FED4E0A02F0B0F96B
:10724000DFED4D0A20EE200ABCEEC00A10EE100A57
:10725000C0F5006049490880424890ED000A5FEDA2
:10726000E10A30EE200A8DED060ADDED060A9FEDFB
:10727000440A02F095F9DFED400A20EE200ABCEE48
:10728000C00A10EE100AC0F500603E49088035487B
:1072900090ED000ADFED350A30EE200A8DED060A8A
:1072A000DDED060A9FED330A02F07AF9DFED320ACE
:1072B00020EE200ABCEEC00A10EE100A00F50060B5
:1072C00031490880274890ED000A5FEDEC0A30EE66
:1072D000600A8DED060ADDED060A9FED260A02F032
:1072E0005FF9DFED250A20EE200ABCEEC00A10EEA1
:1072F000100AC0F50060254908801A4890ED000A80
:10730000DFED250A30EEC00A8DED060A00E04BE005
:10731000DDED060A9FED1A0A02F042F9DFED160ACA
:1073200020EE200ABCEEC00A10EE100A18490880B0
:107330000C4890ED000ADFED0D0A30EE600A8DED8D
:10734000060ADDED060A9FED0B0A02F029F9DFEDD2
:107350000A0A20EE200ABCEEC00A1FE086000020C8
:107360005800002024000020880000205C8F023F8D
:107370008A000020B81E453F84F922445C000020AA
:10738000AE47E13D5E00002060000020620000206A
:1073900064000020660000203333333F10EE100AF3
:1073A00000F50060B2490880B24890ED000A5FED38
:1073B000110AB4EEE00AF1EE10FA7CD290ED000A68
:1073C000DFEDAD0A30EE200A8DED060ADDED060A8E
:1073D0001FED180A02F0E4F85FED190A20EE200A0A
:1073E000BCEEC00A10EE100AC0F50060A349088088
:1073F000A04890ED000A5FED180A30EE200A8DEDEE
:10740000060ADDED060A1FED220A02F0C9F85FED5B
:10741000260A20EE200ABCEEC00A10EE100AC0F5C3
:10742000006097490880934890ED000A5FED310AAB
:1074300030EE200A8DED060ADDED060A1FED330A57
:1074400002F0AEF85FED340A20EE200ABCEEC00A6E
:1074500010EE100A00F500608A490880854890ED1A
:10746000000ADFED850A30EE600A8DED060ADDEDDB
:10747000060A1FED400A02F093F85FED410A20EE84
:10748000200ABCEEC00A10EE100AC0F500607E496A
:107490000880784890ED000A5FED410A30EEC00A9E
:1074A0008DED060ADDED060A1FED4B0A02F078F8B5
:1074B0005FED4F0A00E022E020EE200ABCEEC00A99
:1074C00010EE100A714908806A4890ED000A5FEDDD
:1074D000590A30EEC00A8DED060ADDED060A1FEDF1
:1074E0005B0A02F05DF85FED5C0A20EE200ABCEE5C
:1074F000C00A10EE100AC0F580505D4908805F4850
:107500000088B0F5806F03DC4FF480605B49088031
:107510005B480088B0F5406F03DB4FF4406058498A
:10752000088058480088B0F5406F03DB4FF4406096
:107530005449088054480088B0F5806F03DC4FF44C
:1075400080605149088051480088B0F5806F03DCA5
:107550004FF480604D49088045480088B0F5406F81
:1075600002DB4FF4406000E07EE0414908807BE0B0
:10757000474890ED000AB5EEC00AF1EE10FA73D15B
:10758000444890ED000AB5EEC00AF1EE10FA6BD057
:10759000414890ED000AB5EEC00AF1EE10FA63D151
:1075A0003C4890ED000ADFED3D0A20EE200ABDEEDA
:1075B000C00A10EE100A00B239490880354890ED33
:1075C000000ADFED360A20EE200ABDEEC00A10EEFA
:1075D000100A00B2334908802E4890ED000ADFED12
:1075E0002F0A20EE200ABDEEC00A10EE100A00B2EB
:1075F0002D490880274890ED000ADFED280A20EE8B
:10760000200ABDEEC00A10EE100A00B22749088019
:10761000204890ED000ADFED210A20EE200ABDEEA1
:10762000C00A10EE100A00B221490880194890EDF6
:10763000000ADFED1A0A20EE200ABDEEC00A10EEA5
:10764000100A00B21B4908804FF480600B49088083
:107650000B4908800B4908804FF440600A490880B4
:107660000A4908800249088007B0BDEC028B00BDC2
:107670006600002024000020E17A943E5C00002097
:107680005E000020600000206200002064000020F6
:1076900050000020540000205800002000009643B5
:1076A000800000208200002084000020860000204E
:1076B000880000208A0000207047000029B1064A97
:1076C00012680243044B1A6004E0034A12688243C2
:1076D000014B1A60704700003038024029B1064A59
:1076E00012680243044B1A6004E0034A12688243A2
:1076F000014B1A60704700004038024029B1064A29
:1077000012680243044B1A6004E0034A1268824381
:10771000014B1A60704700002038024029B1064A28
:1077200012680243044B1A6004E0034A1268824361
:10773000014B1A60704700004438024029B1064AE4
:1077400012680243044B1A6004E0034A1268824341
:10775000014B1A607047000024380240F0B5002148
:1077600000220024022500260223324F3F6807F042
:107770000C0121B1042905D0082937D105E02E4F8D
:10778000076036E02D4F076033E02A4F3F1F3F6808
:10779000C7F38056274F3F1F3F6807F03F036EB186
:1077A000264FB7FBF3F7DFF88CC0ACF1040CDCF824
:1077B00000C0CCF3881C07FB0CF40CE01E4FB7FB99
:1077C000F3F7DFF870C0ACF1040CDCF800C0CCF3C8
:1077D000881C07FB0CF4174F3F1F3F68C7F3014796
:1077E0007F1C7D00B4FBF5F7076002E0124F0760D5
:1077F00000BF00BF0F4F3F6807F0F0010909104FAD
:107800007A5C0768D74047600A4F3F6807F4E05149
:10781000890A0B4F7A5C4768D7408760054F3F68FD
:1078200007F46041490B064F7A5C4768D740C76050
:10783000F0BD0000083802400024F40000127A0075
:107840001101002010B575E1BC48007800287DD1F9
:107850000120BB490870F9F7CBFABA480088D22852
:10786000F1DCB948008840F2FE618842EBDBB748A2
:1078700000888842E7DD0020B5490880B5480088C7
:10788000012850D1B4480078072847D2DFE800F03B
:1078900046040F1A25303B00B048007818B9012083
:1078A00000F01EFA02E00220AB49087037E0AC4855
:1078B000007818B9022000F013FA02E00320A6496C
:1078C00008702CE0A748007818B9032000F008FAE7
:1078D00002E00420A049087021E0A348007818B90C
:1078E000042000F0FDF902E005209B49087016E035
:1078F0009E48007818B9052000F0F2F902E0062051
:10790000954908700BE09A48007818B9062000F0F5
:10791000E7F902E002208949087000E000BF00BFDB
:1079200000208C4908808D480078012820D18C489F
:10793000007801281CD18B480078012818D18A488A
:107940000078012814D18948007800E052E001282D
:107950000ED18748007801280AD107E00220774934
:1079600008708448C07D102800D100E0F6E700BF11
:107970008148007801283CD1804800785A28FAD103
:107980007E4840780E28F6D17C48C07A0428F2D18F
:107990007A48407B6928EED17848C079072823D2FD
:1079A000DFE800F02204090E13181D007348C078A8
:1079B0006A49087019E07148C0786949087014E094
:1079C0006E48C078674908700FE06C48C078664917
:1079D00008700AE06948C0786449087005E06748A3
:1079E000C0786349087000E000BF00BF0020624912
:1079F00008709FE051480078012873D160480078F2
:107A000007282FD2DFE800F02E040B1219202700E0
:107A10005248007810B9012000F0A6F923E0504840
:107A2000007810B9022000F09FF91CE04D48007862
:107A300010B9032000F098F915E04B48007810B910
:107A4000042000F091F90EE04848007810B90520B4
:107A500000F08AF907E04648007810B9062000F0E7
:107A600083F900E000BF00BF3C480078012816D130
:107A70003B480078012812D13A48007801280ED1FD
:107A80003948007801280AD138480078012806D101
:107A900037480078012802D102202849087036486A
:107AA0000078012846D1354800785A2842D1334819
:107AB00040780E283ED13148C07A05283AD12F4867
:107AC000407B692836D12D48C079072824D2DFE8C9
:107AD00000F023040A0F14191E002848C0781F491B
:107AE00008701AE01EE02548C0781D49087014E0AF
:107AF0002248C0781B4908700FE02048C0781A4916
:107B000008700AE01D48C0781849087005E01B4855
:107B1000C0781749087000E000BF00BF0020164978
:107B2000087007E005480078022803D103200349C4
:107B3000087000E088E600BF10BD0000DC000020F7
:107B4000DD000020EC000020EE000020F20000200C
:107B5000DE0000200A000020E9000020E1000020F3
:107B6000E2000020E3000020E4000020E500002007
:107B7000E600002000040020CB000020F1030020DC
:107B8000E00000207047000030B502460A2392FB57
:107B9000F3F403FB1423D8B20A2392FBF3F30A2471
:107BA00093FBF4F504FB1533D9B23F4B1B7813B1AB
:107BB000012B75D139E000233C4C236001233C4C60
:107BC000C4F88C323B4B1B5C03F001033A4C23603E
:107BD000384B1B5CC3F34003354CC4F89432354B2F
:107BE0001B5CC3F38003344C08342360314B1B5CB3
:107BF000C3F3C003241D23602E4B1B5CC3F300138F
:107C0000241D23602B4B1B5CC3F34013241D2360F6
:107C1000284B1B5CC3F38013284C2360254B1B5C53
:107C2000DB09274CC4F884323BE001231F4C23605E
:107C300000231F4CC4F88C321E4B5B5C03F0010325
:107C40001D4C23601B4B5B5CC3F34003184CC4F812
:107C50009432184B5B5CC3F38003174C08342360E9
:107C6000144B5B5CC3F3C003241D2360114B5B5CAE
:107C7000C3F30013241D23600E4B5B5CC3F340135E
:107C8000241D23600B4B5B5CC3F380130B4C236000
:107C9000084B5B5CDB090A4CC4F8843201E0FFE767
:107CA00000BF00BF30BD0000370000209C82414271
:107CB00000804042380000209082404280024242D0
:107CC0000000424210B5002405E00449085D01F0BF
:107CD000A7F9601CC4B2072CF7DB10BDFE00002022
:107CE00070B505460E48C57100200D490873002483
:107CF00008E00B48007B0A49095D084408490873FD
:107D0000601CC4B20C2CF4DB002405E00449085DBF
:107D100000F0C4FC601CC4B20E2CF7DB70BD000088
:107D2000BC00002070B505460E48C57100200D4905
:107D30000873002408E00B48007B0A49095D0844E9
:107D400008490873601CC4B20C2CF4DB002405E065
:107D50000449085D00F0A2FC601CC4B20E2CF7DBE5
:107D600070BD0000A000002070B505460E48C5712A
:107D700000200D490873002408E00B48007B0A49E5
:107D8000095D084408490873601CC4B20C2CF4DB7C
:107D9000002405E00449085D00F080FC601CC4B2CA
:107DA0000E2CF7DB70BD0000AE00002010B5552092
:107DB0005049087000204870462088700020C87024
:107DC0004D480088000A08714B48007848714B48BC
:107DD0000088000A887149480078C87148480088BE
:107DE000000A087346480078487346480088000A2D
:107DF000887344480078C87343480088000A0875AF
:107E000041480078487541480088000A88753F4815
:107E10000078C8753E480088000A08773C4800781A
:107E200048773C480088000A88773A480078C87745
:107E300039480088000A81F824003748007881F822
:107E4000250036480088000A81F82600334800786B
:107E500081F8270032480088000A81F82C00304859
:107E6000007881F82D002F480088000A81F82E0044
:107E70002C48007881F82F002B480088000A81F8F0
:107E800034002948007881F8350028480088000A25
:107E900081F836002548007881F8370024480088AA
:107EA000000A81F83C002248007881F83D00214812
:107EB0000088000A81F83E001E48007881F83F00E3
:107EC00044210C4801F0D6FF0A4981F844004421BE
:107ED000084801F0CFFF0012064981F84500002450
:107EE00005E00449085D00F07DFE601CC4B2462C2C
:107EF000F7DB10BDAB0300208000002090000020C5
:107F000082000020920000208400002094000020C5
:107F100086000020960000208800002098000020A5
:107F20008A0000209A0000208C0000209C00002085
:107F30008E0000209E00002010B5FF205F490870D1
:107F40004870FE2088702C20C870832008712A2079
:107F50004871042088710120C871594800880012B6
:107F60000872574800784872564800880012887294
:107F700054480078C87202200873534800880012E1
:107F80004873514800788873504800880012C873BD
:107F90004E4800780874032048744D480088001249
:107FA00088744B480078C8744A48008800120875E5
:107FB00048480078487504208875474800880012B2
:107FC000C87545480078087644480088001248760D
:107FD0004248007888760520C8764148008800121B
:107FE00008773F48007848773E4800880012887735
:107FF0003C480078C877062081F820003A4800887D
:10800000001281F821003848007881F822003748B2
:108010000088001281F823003448007881F8240099
:10802000072081F8250032480088001281F82600D8
:108030002F48007881F827002E480088001281F828
:1080400028002C48007881F82900082081F82A00AF
:1080500029480088001281F82B002748007881F811
:108060002C0026480088001281F82D002348007853
:1080700081F82E00002022490860022408E00F4801
:10808000005D1F49096808441D490860601CC4B2AE
:108090002E2CF4DD1A480068C043194908600846D0
:1080A00000781849087008460078044981F82F00C4
:1080B0003021024800F0E0FC10BD000071030020F8
:1080C0005C000020CC0000205E000020CE000020DC
:1080D00060000020D000002062000020D2000020BC
:1080E00064000020D400002066000020D60000209C
:1080F00068000020D80000206A000020DA0000207C
:108100006C000020700000200CB500200190009051
:108110003448006840F480303249086000BF31487C
:10812000006800F4003000900198401C0190009815
:1081300018B90198B0F5A04FF1D12A48006800F4B1
:10814000003010B10120009001E000200090009864
:10815000012846D123484030006840F08050214932
:10816000403108602048006840F440401E490860E3
:108170001C48083000681B49083108600846006840
:1081800040F4004008600846006840F4A0500860D1
:108190001648091F0860081F006840F08070091F1A
:1081A000086000BF0F48006800F000700028F9D098
:1081B00040F205700E4908600A480830006820F057
:1081C00003000849083108600846006840F00200D2
:1081D000086000BF03480830006800F00C00082861
:1081E000F8D10CBD00380240007000400854400730
:1081F000003C0240042808D14FF0E021096941F019
:1082000004014FF0E022116107E04FF0E02109691D
:1082100021F004014FF0E0221161704710B53E4893
:108220000088401C3C4908803C480088401C3B4971
:1082300008803B480088401C39490880364800883F
:10824000052815DB012037490880002032490880C5
:108250002120FFF799FC34480078072803DB012030
:108260003149087004E030480078401C2E490870FD
:108270002A480088642805DB00202849088001205E
:108280002A49088026480088B0F5FA7F05DB0020DF
:1082900023490880012026490880264800780128C3
:1082A00011D125480088401C2349088008460088D1
:1082B000B0F5FA7F07DD0020088001201F49087013
:1082C00000201C4908701E480078012810D11D4864
:1082D0000088401C1B49088008460088B0F57A7F5A
:1082E00006DD002008801649087001201649087034
:1082F0001648007801280DD115480088401C144903
:10830000088008460088B0F5FA7F03DD0020088069
:108310000E49087010BD000000000020040000207D
:108320000800002002000020E000002006000020DD
:108330000A000020360000200C0000200E00002063
:10834000DD000020DE000020DC000020F90000201D
:10835000FA00002010B51548006840F47000134979
:1083600008601348006840F00100114908600020CF
:108370000F49083108600E4800680E4908400C4952
:1083800008600D48091D0860081F006820F480205F
:10839000091F0860002006490C310860FFF7B4FE91
:1083A0004FF0006001498039086010BD88ED00E0A1
:1083B00000380240FFFFF6FE1030002410B5012106
:1083C0000A4800F035F801280AD1094908698047B0
:1083D0000021064800F048F86421044800F042F803
:1083E0000121024800F009F810BD0000000800401B
:1083F00060010020CA4302827047CA43028270476C
:1084000021B1028842F00102028004E002884FF6A6
:10841000FE731A40028070470146486A7047024660
:108420000020138A0B400BB1012000E000207047B0
:1084300030B50246002000230024158A05EA010316
:10844000958905EA010413B10CB1012000E0002078
:1084500030BD1AB183890B43838102E083898B434A
:1084600083817047C1627047416270470022028871
:10847000184B98420ED0184B98420BD0B0F1804F59
:1084800008D0164B984205D0154B984202D0154B98
:10849000984204D14FF68F731A404B881A43124BFF
:1084A000984207D0114B984204D04FF6FF431A4030
:1084B0000B891A4302804B68C3620B880385054B06
:1084C000984202D0044B984201D18B7A0386012353
:1084D0008382704700000140000401400004004016
:1084E00000080040000C0040001000400014004054
:1084F0007FB504460D4601210420FFF7EFF8ADF8E3
:1085000000500020ADF802000194ADF80800694663
:108510000D48FFF7ABFF012211460B48FFF799FF0B
:1085200001210948FFF76CFF1E208DF80C00032085
:108530008DF80D008DF80E0001208DF80F0003A8B6
:10854000FCF73CFB7FBD00000008004010B540F286
:108550002551194800F0A3FC08B3174800F058FD56
:108560001649174A1278885415480078401C144957
:108570000870124800785A2809D1084600780E2859
:1085800008DB0020087001200E49087002E000207E
:108590000B49087040F22551074800F0DFFB40F21C
:1085A0002771054800F07BFC012804D140F22771B7
:1085B000014800F0D3FB10BD004C0040F103002047
:1085C000CA000020CB00002010B588B0044601216D
:1085D0000420FFF773F80121C804FFF77FF82D4846
:1085E00000F0D8FB08220A212B48F8F791FA08225C
:1085F0000B212948F8F78CFA4FF48060069002208E
:108600008DF81C0000208DF81E0002208DF81D0042
:1086100001208DF81F0006A91F48F8F731FA4FF422
:108620000060069002208DF81C008DF81D000020CF
:108630008DF81F0006A91848F8F722FA02940020C6
:10864000ADF80C00ADF80E00ADF81000ADF8140058
:108650000C20ADF8120002A90E4800F06FFC0121B9
:108660000C4800F08AFB012240F22551094800F035
:1086700040FC34208DF8040001208DF80500022014
:108680008DF8060001208DF8070001A8FCF796FA86
:1086900008B010BD004C00400008024010B5044670
:1086A00000BF0848008800F040000028F9D00548C5
:1086B000001D048000BF4021024800F0E3FB0028B9
:1086C000F9D010BD004C004010B501201B490870C6
:1086D00040F225511A4800F0E2FB08B3184800F0B8
:1086E00097FC1849184A1278885417480078401C9B
:1086F00015490870134800780F2809D108460078FA
:10870000182808DD0020087001201049087002E0D8
:1087100000200D49087040F22551094800F01EFB69
:1087200040F22771064800F0BAFB012804D140F25C
:108730002771034800F012FB10BD0000F900002073
:108740000050004000040020EA000020EB00002060
:1087500010B588B0044601210420FEF7AFFF0121C7
:108760000820FEF7ABFF01210805FEF7B7FF2E48F2
:1087700000F010FB08220C212C48F8F7C9F9082258
:1087800002212B48F8F7C4F94FF4805006900220DC
:108790008DF81C0000208DF81E0002208DF81D00B1
:1087A00001208DF81F0006A92048F8F769F9042078
:1087B000069002208DF81C008DF81D0000208DF819
:1087C0001F0006A91A48F8F75BF902944FF480508D
:1087D000ADF80C004000ADF80E00C010ADF8100070
:1087E0000020ADF814000C20ADF8120002A90E48CC
:1087F00000F0A4FB01210C4800F0BFFA012240F276
:108800002551094800F075FB35208DF80400022041
:108810008DF805008DF8060001208DF8070001A8ED
:10882000FCF7CCF908B010BD005000400008024031
:10883000000C024010B540F225511A4800F02FFB01
:1088400008B3184800F0E4FB1749184A1278885416
:1088500016480078401C1549087013480078AA286B
:1088600009D108460078122808DD00200870012090
:108870000F49087002E000200C49087040F22551B1
:10888000084800F06BFA40F22441064800F007FB6C
:1088900038B1044800F0BCFB40F22441014800F02C
:1088A0005DFA10BD001001405E0300204E00002064
:1088B0004F00002010B588B0044601210846FEF79D
:1088C000FDFE01211020FEF729FF07220921224881
:1088D000F8F71EF907220A211F48F8F719F94FF493
:1088E000C060069002208DF81C008DF81D0000204D
:1088F0008DF81E0001208DF81F0006A91648F8F714
:10890000BFF802940020ADF80C00ADF80E00ADF8F1
:108910001000ADF814000C20ADF8120002A90F48A9
:1089200000F00CFB01210D4800F027FA012240F273
:1089300025510A4800F0DDFA25208DF804000320B7
:108940008DF8050001208DF806008DF8070001A8BC
:10895000FCF734F908B010BD0000024000100140DF
:1089600010B540F225510B4800F099FA20B140F2C1
:108970002551084800F0F2F940F22771054800F04F
:108980008EFA012804D140F22771024800F0E6F97E
:1089900010BD00000044004010B586B0044601211F
:1089A0000820FEF78BFE01214804FEF797FE2548BC
:1089B00000F0F0F9072205212348F8F7A9F807226B
:1089C00006212148F8F7A4F82020049002208DF811
:1089D000140000208DF8160002208DF815000120EB
:1089E0008DF8170004A91848F8F74AF840200490B9
:1089F00002208DF814008DF8150000208DF8170066
:108A000004A91148F8F73CF800940020ADF80400E0
:108A1000ADF80600ADF80800ADF80C000C20ADF87C
:108A20000A006946074800F089FA0121054800F06C
:108A3000A4F9012240F22551024800F05AFA06B08A
:108A400010BD000000440040000C024010B5044678
:108A500000BF0848008800F040000028F9D0054811
:108A6000001D048000BF4021024800F00BFA0028DE
:108A7000F9D010BD0044004070B504460D460026F4
:108A800005E014F8010BFFF7E1FF701CC6B2AE421F
:108A9000F7DB70BD10B540F22551194800F0FFF921
:108AA00008B3174800F0B4FA1649174A12788854E8
:108AB00015480078401C14490870124800780F28A7
:108AC00009D108460078182808DD00200870012028
:108AD0000E49087002E000200B49087040F2255151
:108AE000074800F03BF940F22771054800F0D7F93C
:108AF000012804D140F22771014800F02FF910BD80
:108B000000480040A10300207E0000207F000020DC
:108B100010B588B0044601210820FEF7CFFD0121E1
:108B20008804FEF7DBFD2D4800F034F90722082108
:108B30002B48F7F7EDFF072209212948F7F7E8FF4F
:108B40004FF48070069002208DF81C0000208DF8F4
:108B50001E0002208DF81D0001208DF81F0006A9BF
:108B60001F48F7F78DFF4FF40070069002208DF834
:108B70001C008DF81D0000208DF81F0006A9184864
:108B8000F7F77EFF02940020ADF80C00ADF80E0060
:108B9000ADF81000ADF814000C20ADF8120002A9D9
:108BA0000E4800F0CBF901210C4800F0E6F8012254
:108BB00040F22551094800F09CF927208DF8040067
:108BC00002208DF8050003208DF8060001208DF8A5
:108BD000070001A8FBF7F2FF08B010BD00480040F5
:108BE000000C024010B5044600BF0848008800F0A1
:108BF00040000028F9D00548001D048000BF402136
:108C0000024800F03FF90028F9D010BD00480040AC
:108C100010B540F22551194800F041F908B3174842
:108C200000F0F6F91649174A12788854154800786A
:108C3000401C1449087012480078DD2809D1084604
:108C40000078212808DD0020087001200E490870F6
:108C500002E000200B49087040F22551074800F05F
:108C60007DF840F22771054800F019F9012804D178
:108C700040F22771014800F071F810BD0014014066
:108C80003C040020FC000020FD00002010B588B04E
:108C9000044601210420FEF711FD01212020FEF7EA
:108CA0003DFD2C4800F076F8082206212A48F7F707
:108CB0002FFF082207212848F7F72AFF40200690B7
:108CC00002208DF81C0000208DF81E0002208DF877
:108CD0001D0001208DF81F0006A91F48F7F7D0FEE0
:108CE0008020069002208DF81C008DF81D000020C9
:108CF0008DF81F0006A91848F7F7C2FE029400205D
:108D0000ADF80C00ADF80E00ADF81000ADF8140091
:108D10000C20ADF8120002A90E4800F00FF9012155
:108D20000C4800F02AF8012240F22551094800F0D1
:108D3000E0F847208DF8040003208DF8050002209C
:108D40008DF8060001208DF8070001A8FBF736FF1B
:108D500008B010BD001401400008024010B5002208
:108D6000002340F66A14A14200D100BF0A12012478
:108D70009440A3B2DC43048010BD21B1828942F447
:108D80000052828104E082894DF6FF731A4082818D
:108D90007047000010B504463248844208D10121D2
:108DA0001020FEF7CBFC00211020FEF7C7FC57E097
:108DB0002D48844209D101214804FEF79FFC00217F
:108DC0004FF40030FEF79AFC4AE02848844209D16B
:108DD00001218804FEF792FC00214FF48020FEF769
:108DE0008DFC3DE02248844209D10121C804FEF7F0
:108DF00085FC00214FF40020FEF780FC30E01D4888
:108E0000844209D101210805FEF778FC00214FF4C6
:108E10008010FEF773FC23E01748844208D101213B
:108E20002020FEF78BFC00212020FEF787FC17E0B6
:108E30001248844209D101218807FEF75FFC002116
:108E40004FF08040FEF75AFC0AE00D48844207D1FB
:108E500001214005FEF752FC00216005FEF74EFCA3
:108E600010BD0000001001400044004000480040D8
:108E7000004C0040005000400014014000780040C9
:108E8000007C004002460020B1F5007F00D100BF09
:108E900013880B400BB1012000E00020704770B533
:108EA0000246002400230025002040F66A16B14245
:108EB00000D100BFC1F3421501F01F03012606FADD
:108EC00003F3012D02D19689334006E0022D02D131
:108ED000168A334001E0968A33400C12012606FAC6
:108EE00004F41688344013B10CB1012000E00020D6
:108EF00070BDF0B50346002400260025002040F692
:108F00006A17B94200D100BF1846C1F3421401F0FC
:108F10001F06012707FA06F5012C01D10C3004E0E9
:108F2000022C01D1103000E014301AB107682F4331
:108F3000076002E00768AF430760F0BD2DE9FF4717
:108F400005460E460024A14600BFA046B08900B1E8
:108F500000BF2C8A24F44054F08804432C82AC894E
:108F600041F20C608443B088318908437189084319
:108F70000443AC81AC8A24F44074B0890443AC82CD
:108F80006846FEF7EBFB2048854202D01F48854229
:108F900002D1DDF80C9001E0DDF80890A88900F41A
:108FA000004040B109EBC90000EB091031684900ED
:108FB000B0FBF1F707E009EBC90000EB09103168DD
:108FC0008900B0FBF1F76420B7FBF0F00401200941
:108FD000642101FB1078A88900F4004040B13220E0
:108FE00000EBC800B0FBF1F000F00700044308E01C
:108FF000322000EB08106421B0FBF1F000F00F000C
:1090000004432C81BDE8FF8700100140001401409B
:1090100001468888C0F30800704700BFFEE70000E3
:1090200010B5044600BF0848008800F04000002842
:10903000F9D00548001D048000BF40210248FFF719
:1090400021FF0028F9D010BD001401400FB4054BDA
:1090500010B503A9044A029800F0D8FC10BC5DF8D2
:1090600014FB0000D19F00084800002003B40198C1
:109070004100009850EAC12018BF04204A0D18BFD3
:1090800040F0010040F2FF72B2EB515F08BF40F0C8
:109090000200012808BF052002B070474100080205
:1090A00018BF04200A0E18BF40F001004FF07F42A5
:1090B00032EA010108BF40F00200012808BF052084
:1090C000704700000000000070B59B482DED020BBA
:1090D0002DED068B079D25F00044A04218DC974833
:1090E000844202DC0AD1069840B19DED060BBDEC2E
:1090F000068B02B0BDE8704000F041BC002DCCBF33
:109100009FED8F0B9FED900BBDEC068B02B070BDF9
:109110008F48A04215DD8F48A042D8BF4FF0FF34E2
:1091200058DD9DED060B51EC100BFFF79FFF042857
:1091300008BF00F039FC9DED060BBDEC068B02B0BC
:1091400070BD9DED060B51EC100B00F035FFCDE925
:10915000060181489FED828BA0423CDD8248A042FF
:109160001FDD00249FED82AB9DED060B53EC1A2B07
:1091700051EC100BF7F726F89DED060B41EC190B9F
:1091800053EC1A2B51EC100BF7F7C3F853EC182BD8
:10919000F7F7B9F853EC192BF7F72DF9CDE90601DC
:1091A00049E09DED060B012453EC182B51EC100BFC
:1091B000F7F708F89DED060B41EC190B53EC182B53
:1091C00051EC100BF7F79FF853EC192BF7F713F945
:1091D000CDE906012FE06848A0421FDD02249FED83
:1091E000689B9DED060B53EC192B51EC100BF7F718
:1091F00090F853EC182BF6F7E5FF9DED060B41ECCC
:10920000180B53EC192B51EC100BF7F77CF853ECBF
:10921000182BF7F7F0F8CDE906010CE09DED060BF1
:10922000032453EC102B9FED580B51EC100BF7F768
:10923000E2F8CDE906019DED060B53EC102B51EC45
:10924000100BF7F766F841EC180B53EC182BF7F7F7
:1092500060F841EC190B4E480621B0EE490AF0EED9
:10926000690A784400F00FFB53EC182B51EC100BFB
:10927000F7F74FF841EC180B4648B0EE490AF0EE0C
:10928000690A0521784400F0FEFA53EC192B51ECE1
:10929000100BF7F73EF841EC100B51EC180B53ECA8
:1092A000102B002C0EDAF6F78DFF9DED061B53EC0C
:1092B000112BF7F72EF89DED061B53EC112BF7F74A
:1092C00025F835E0F6F77EFF9DED061B53EC112BDC
:1092D000F7F71FF841EC100B2F48784400EBC4005F
:1092E00090ED001B51EC100B53EC112BF7F70BF822
:1092F0009DED061B53EC112BF7F705F841EC100B15
:109300002648784400EBC40090ED001B51EC100B94
:1093100053EC112BF6F7FAFF41EC100B002DA2BF16
:10932000BDEC068B02B070BD51EC100B81F000411A
:1093300041EC100B01E70000000010440000F07F3A
:10934000182D4454FB21F93F182D4454FB21F9BF3B
:109350000000DC3F0000203E0000F33F0000000062
:10936000000000000000F03F0000E63F00000000A9
:1093700000000000000000400080034000000000EA
:10938000000000000000F83F000000000000F0BFF7
:109390007222000028220000B22100006A21000091
:1093A00070B56F4E2DED040B2DED048B82B0DDF802
:1093B00024C0DDE907235C422CF000411C4341EA54
:1093C000D474069D22F00040B44205D86C422C4370
:1093D00040EAD474B4420BD99DED081B9DED060BF9
:1093E00002B0BDEC048B04B0BDE8704000F0D1BA0F
:1093F000ACF14054A4F17F641C430BD0022404EA76
:10940000AC7444EAD27405439FED578B9FED582B03
:1094100007D015E09DED060B51EC100B00F021FD7F
:1094200042E0002C11BF012C9DED060B02B0BDECFB
:10943000048B04BF04B070BD022C38D0032C3BD089
:109440000B439FED4D1B9FED4E0B0AD0B14218D13F
:10945000B04209D121F0804120F08040099107906D
:109460000FE0002A15DA10E0474B7B44002C08BFC0
:1094700093ED000B0DD0012C10D0022C17D0032C33
:109480001AD0B0421DD1002A03DAB0EE410AF0EE44
:10949000610A02B0BDEC048B04B070BD93ED000B0B
:1094A00051EC100B81F0004141EC100BF1E7B0EEF4
:1094B000480AF0EE680AECE7B0EE420AF0EE620A03
:1094C000E7E7401A00159FED329B3C28C8BF8DEDA1
:1094D000000B17DCBCF1000FBCBF10F13C0F8DED91
:1094E000009B0FDB9DED080B53EC102B9DED060B45
:1094F00051EC100BF6F77FFF00F05EFD00F0B1FCC1
:10950000CDE90001B4B1012C10D0022C9FED220B4B
:1095100053EC102B9DED000B51EC100B19D0F6F70E
:10952000F2FE53EC182BF6F7EEFEBDE7019880F043
:10953000004001909DED000B53EC192B51EC100BEA
:10954000F7F736F904BF022000F05AFA9DED000B40
:109550009FE7F6F7D8FE53EC182BF6F7D7FEA3E7F4
:109560000000F07F00000000182D4454FB2109404A
:10957000182D4454FB2109C0182D4454FB21F9BF78
:10958000182D4454FB21F93F9A20000000000000F0
:109590000000000000000000075C143326A6A13C78
:1095A00070B54FF068422DED048BF0EE408A18EE56
:1095B000900AB0EE608A18EE101A02EB4003B3F185
:1095C000654F3CBF02EB4102B2F1654F7DD200BF57
:1095D000C0F3C753C1F3C7529A1A1B2A09DD10F012
:1095E000004F14BF9FED830A9FED830ABDEC048BEF
:1095F00070BD12F11A0F36DA11F0004F09D010F0D9
:10960000004F0CBF9FED7D0A9FED7D0ABDEC048BE2
:1096100070BD88EE889A19EE100AFFF73FFD042806
:1096200008BF00F0D5F918EE900AFFF737FD0546A0
:1096300018EE100AFFF732FD044619EE100AFFF784
:109640002DFD042D18BF052D08D1042C18BF052CA5
:1096500004D1002804BF022000F0D2F9B0EE490A7C
:10966000BDEC048B70BD4200B2EB410F3AD910F053
:10967000004F19BFDFED630A9FED630ADFED630A58
:109680009FED630AB0EE481A0A46B1EE688A80F090
:109690000041F0EE418A10460A1A5200B2F1807F72
:1096A00034D2484010F0004FDFED5A1A9FED5A2A8D
:1096B0001DBFBEEE001A70EEE10A30EE420AB6EEB1
:1096C000001A08BF70EEA10A00E040E008BF30EECB
:1096D000020AB0EE682A01EE482A08EE818AC2EE3C
:1096E000081A15E011F0004F04BF9FED4C0AF0EE90
:1096F000400AD1D010F0004F19BFDFED490A9FEDAD
:10970000490ADFED490A9FED490AC5E7C8EE881A04
:1097100021EEA11A9FED462ADFED462A41EE022AEC
:109720009FED452A01EE222ADFED442A41EE022A6E
:109730009FED432ABDEC048B01EE222A21EE811A13
:1097400001EE020A30EE210A30EE200A70BD4FF021
:109750007F42B2EB400F28BFB2EB410F09D2F0EECF
:10976000480AB0EE680ABDEC048BBDE8704000F01A
:109770002BB940EA01035B0008BF41F0FF410BD069
:10978000B2EB400F08BFB2EB410F08D120F0804090
:1097900008EE900A21F0804108EE101A18E7B2EBAB
:1097A000400F12BF5FEA410340F0FF4001F000416B
:1097B0003FF40EAFB2EB410F12BF5FEA400200F080
:1097C000004041F0FF413FF403AF4A0092EA4003FA
:1097D0003FF5FEAE002AACBF9FED1A0A9FED1A0AB4
:1097E00068EE808A28EE008A18EE900A18EE101AA9
:1097F000EEE60000DB0FC9BFDB0FC93FDB0F4940BE
:10980000DB0F49C00000C9BF22AAFDB90000C93F53
:1098100022AAFD390060ED3EC30ACE3700000000E9
:10982000000049C022AA7DBA0000494022AA7D3A20
:109830002DAD65BD8FB8D53D0FB511BE61C84C3E8D
:10984000A8AAAABE0000804F0000802F10B52DED01
:10985000028BB1EEC08A18EE100A20F00040C0F171
:10986000FF40C00F0AD010EE100A20F00040C0F1F7
:10987000FF40C00F04BF012000F0C2F8B0EE480A5C
:10988000BDEC028B10BD70B504462DED028B4D1E54
:1098900000EBC500B0EE408AF0EE608A90ED000B60
:1098A00035F0060017D053EC182B51EC100BF6F7DF
:1098B00030FD41EC100B6D1E04EBC50090ED001B5C
:1098C00051EC100B53EC112BF6F77CFC41EC100B18
:1098D00035F00600E7D1022D36D0042D1CD0062D20
:1098E0001CBFBDEC028B70BD53EC182B51EC100B60
:1098F000F6F70FFD94ED0A1B53EC112BF6F762FC03
:1099000053EC182BF6F705FD94ED081B53EC112BC7
:10991000F6F758FC41EC100B53EC182B51EC100BE4
:10992000F6F7F7FC94ED061B53EC112BF6F74AFC07
:1099300053EC182BF6F7EDFC94ED040B53EC102BC5
:10994000F6F740FC41EC100B53EC182B51EC100BCC
:10995000F6F7DFFC94ED021B53EC112BF6F732FC0B
:1099600053EC182BF6F7D5FC94ED001B53EC112BA0
:10997000F6F728FCBDEC028B41EC100B70BD10B566
:1099800053EC102B51EC100BF6F71CFC41EC100BB8
:1099900010BD10B553EC112B51EC100BF6F712FC67
:1099A00041EC100B10BD00009FED050B10B553EC02
:1099B000102B51EC100BF6F7ACFC41EC100B10BD6A
:1099C000000000000000001030EE200A7047000088
:1099D0009FED020A20EE000A704700000000001010
:1099E00002E008C8121F08C1002AFAD17047704768
:1099F000002001E001C1121F002AFBD170470000C6
:109A00000149086070470000540200202DE9FF4F13
:109A10008DB00F460546002606E025280BD0DDE96F
:109A20000F1290476D1C761C28780028F5D111B0D4
:109A30003046BDE8F08F0024A246A1460122E94944
:109A400000E0044315F8013F203B02FA03F008420E
:109A5000F7D128782A2810D06FF02F022878A0F1AB
:109A60003001092914D80AEB8A0102EB410144F0C4
:109A7000020400EB010A6D1CF0E701CF5FEA000A67
:109A800003D544F40054CAF1000A44F002046D1CEA
:109A900028782E2817D115F8010F44F004042A283D
:109AA0000ED06FF02F022878A0F1300109290AD8D2
:109AB00009EB890102EB410100EB01096D1CF2E7A2
:109AC00057F8049B6D1C28786C280FD006DC4C28B6
:109AD00017D068280DD06A2814D104E0742810D05B
:109AE0007A280FD10DE044F400140AE044F4801405
:109AF00001E044F440146978814202D104F58014F5
:109B00006D1C6D1C28786E281ED00CDC632830D0AC
:109B100004DC00288BD0582811D19FE0642867D03E
:109B200069280CD164E073282DD004DC6F2872D032
:109B3000702804D194E075286ED078286DD0DDE9C6
:109B40000F129047761C4BE1C4F30250022806D056
:109B5000032809D0042801CF09D0066040E101CFD5
:109B6000F117C0E900613BE101CF068038E10670E2
:109B700036E117F8040B8DF8000000208DF8010085
:109B8000EB46012003E057F804BB4FF0FF306107BC
:109B90004FF0000102D40DE008F10101884649456B
:109BA0000FDA8045F8DB1BF808100029F4D108E033
:109BB00008F1010188468142FADB1BF808100029F0
:109BC000F6D1DDE90F23AAEB08008146214600F01B
:109BD00031F9304400EB080604E0DDE90F121BF810
:109BE000010B9047B8F10108F7D221464846F2E050
:109BF0000A21C4F302524FF0000B0891022A04D04C
:109C000001CFC117032A09D00AE0FF1D27F007077B
:109C1000F7E8020108E02CE01EE01FE000B2C117E7
:109C2000042A01D140B2C117021E71F1000206DA06
:109C30000023D0EB030063EB01012D2202E022059B
:109C400004D52B228DF82420012203E0E20701D065
:109C50002022F7E7904653E00A210BE0102109E0AB
:109C600010214FF0000B44F004044FF00809089154
:109C700003E008214FF0000B0891C4F30252022ABE
:109C800004D001CF0021032A06D006E0FF1D27F0F3
:109C90000707F7E8020103E080B2042A00D1C0B24E
:109CA0004FF0000822072BD52A78702A07D0DDF85C
:109CB00020C08CF0100C5CEA0B0C05D00EE04022AA
:109CC0008DF82420012208E050EA010306D0302359
:109CD0008DF824308DF8252002229046089B83F0D1
:109CE000080353EA0B030BD150EA010201D16207CA
:109CF00006D530228DF824204FF00108A9F1010982
:109D00002A78582A04D038A20B9208AA0A920BE0AB
:109D10003AA2F9E75B46089AF6F754FC0B9B9B5C6A
:109D20000A9A521E0A92137050EA0102F2D10A985E
:109D3000ADEB000000F1200B600702D524F4803465
:109D400001E04FF00109D94502DDA9EB0B0000E06D
:109D5000002000EB0B0141440890AAEB010AE0034C
:109D600006D4DDE90F232146504600F063F806448F
:109D70004FF0000908E009A911F80900DDE90F1208
:109D8000904709F10109761CC145F4DBE0030CD5CD
:109D9000DDE90F232146504600F04CF8064404E06C
:109DA000DDE90F1230209047761C0899481E089074
:109DB0000029F5DC08E00A980A990078491C0A9104
:109DC000DDE90F129047761CBBF10001ABF1010BEE
:109DD000F1DC21465046DDE90F2300F019F8064476
:109DE0006D1C21E609280100303132333435363715
:109DF00038396162636465660000000030313233D7
:109E00003435363738394142434445460000000076
:109E10002DE9F041044600251E461746880404D467
:109E200005E039462020B0476D1C641EF9D5284650
:109E3000BDE8F0812DE9F041044600251E4690461C
:109E4000C80301D5302700E02027880404D505E0A9
:109E500041463846B0476D1C641EF9D52846BDE81A
:109E6000F08110B541EC100BFFF72EF951EC100BFF
:109E700010BD000070B502460C46FF25FF2309E027
:109E800012F8010B80EA05010648405C80EA0305F0
:109E90000548435C201EA4F10106F4B2F0D145EA66
:109EA000032070BD70B2000870B3000810B50446FE
:109EB0006FF00400FEF79EF9E11704EB5171C1F356
:109EC000C701074A11701046007800EB4001C1EB52
:109ED000C0104FF6FF7101EAC0000249088010BDB2
:109EE000420000204400002070B504464FF4077083
:109EF00094FBF0F0C6B24FF4077094FBF0F100FB56
:109F0000114085B205E04FF4077000F02FF8701E85
:109F1000C6B2002EF7D115B1284600F027F870BD63
:109F20000146114A12784A434FF0E0235A61002259
:109F30009A611A46126942F001021A6100BF4FF09D
:109F4000E022106900F001021AB100F48032002A08
:109F5000F5D04FF0E022126922F001024FF0E02329
:109F60001A6100229A617047420000200146114A9E
:109F700012884A434FF0E0235A6100229A611A4640
:109F8000126942F001021A6100BF4FF0E02210692D
:109F900000F001021AB100F48032002AF5D04FF02F
:109FA000E022126922F001024FF0E0231A61002240
:109FB0009A6170474400002082B0CDE9000121F091
:109FC000004001909DED000B02B051EC100B70476A
:109FD00000BF054A128802F04002002AF9D0C2B23E
:109FE000014B9A8070470000001001404FF4A060C0
:109FF000FAF720FEA820FFF759FF4FF4E130FEF7F3
:10A0000059FC4FF4E130FEF7C7FC4FF4E130FEF7A6
:10A010007FFD4FF4E130FEF7D7FA4348FEF798FB97
:10A020004FF41650FEF732FEF7F72CF8F6F7D0FC97
:10A0300000203E49086001203D49C1F894024FF4D8
:10A040007A70FFF751FF3B4800684FF47A72B0FB1B
:10A05000F2F1481EB0F1807F00D31BE0481E4FF0A4
:10A06000E022506150170F22002807DA13071D0E57
:10A07000314B00F00F04241F1D5503E013071C0E85
:10A080002E4B1C5400BF00204FF0E02290610720AF
:10A09000106100BFFDF7D6FB45E0F6F7A9FEF6F725
:10A0A000ABFDF6F7DBFBF6F759FDF6F705FE2448A6
:10A0B0000088012804D1FDF705FE00202049088012
:10A0C00020480088012818D1FDF770FEFDF734FF05
:10A0D00000201C4908801548006808B9012000E0EC
:10A0E0000020124908601248D0F8940208B90120F3
:10A0F00000E000200D49091D086013480088012870
:10A1000011D112480078012803D100200F490870AE
:10A1100002E001200D4908700D480078FDF702FEAD
:10A12000002009490880B8E7A0860100900240425B
:10A13000000040421000002018ED00E000E400E0C4
:10A140000A00002006000020020000203700002046
:10A15000E0000020014608687047F0EE400AB0EECB
:10A16000600AB5EEC00AF1EE10FA00DD03E0B1EED0
:10A17000401AB0EE410A704730B595B0054613ABB2
:10A1800012AA09A9284600F039FA044614B120465B
:10A1900015B030BD0020149026E0224909689DF8D2
:10A1A000502001EBC20113AB11AA486801A900F0CD
:10A1B00025FA04460CB12046EAE709A901A800F0F7
:10A1C000BBFC60B99DF844009DF84810884201DD51
:10A1D0000220DDE79DF85000124988750AE09DF8DD
:10A1E0005000401CC0B214900E48007D9DF85010E5
:10A1F0008842D2DC00BF0B48007D9DF85010884299
:10A2000001D10420C4E714A9284600F0D7FA044677
:10A210000CB12046BCE79DF850000249487500206B
:10A22000B6E70000600100202DE9F0419AB09C489B
:10A23000847D007DA04202DC1AB0BDE8F08198491F
:10A24000096801EBC40106AB07AA486808A900F039
:10A25000D5F908A993A0FEF7F9FE002644E090483E
:10A26000008B0121B1400840D8B122218FA0FEF718
:10A27000EDFE304600F028FB894924314718394665
:10A280008BA0FEF7E3FE222188A0FEF7DFFE30461A
:10A2900000F01AFB82492431084410A941F8260035
:10A2A00018E0304600F010FB7D492431085810A911
:10A2B00041F826007A48C07D30B910A850F8261021
:10A2C0007CA0FEF7C3FE05E010A850F826107AA087
:10A2D000FEF7BCFE9DF81C00401EB04202D078A0E4
:10A2E000FEF7B4FE701CC6B29DF81C008642B6DBB9
:10A2F00074A0FEF7ABFE00F039FB6948407D0B28E7
:10A300000DD2DFE800F0060D151E27323F4E5F72BA
:10A3100087006349096851F834008047054690E09A
:10A320005F4A126852F8341010988847054688E052
:10A330005B4B1B6853F83420DDE91001904705465C
:10A340007FE0574F3F6857F8343010A807C8984748
:10A35000054676E0DFF848C1DCF800C05CF83470F0
:10A3600010A80FC8B84705466BE01498DFF830C155
:10A370000090DCF800C05CF8347010A80FC8B84733
:10A3800005465EE0DDE91401DFF814C1CDE9000106
:10A39000DCF800C05CF8347010A80FC8B847054658
:10A3A0004FE0DDE914121698DFF8F4C0CDE9001291
:10A3B0000290DCF800C05CF8347010A80FC8B847F1
:10A3C00005463EE0DDE91423DDE91610DFF8D0C0D4
:10A3D000CDE90023CDE90210DCF800C05CF8347050
:10A3E00010A80FC8B84705462BE0DDE91523DDE9C5
:10A3F0001710CDE90123CDE903101498DFF8A0C0B0
:10A400000090DCF800C05CF8347010A80FC8B847A2
:10A41000054616E0DDE91623DDE91810CDE9022333
:10A42000CDE90410DDE91401DFF874C0CDE90001C5
:10A43000DCF800C05CF8347010A80FC8B8470546B7
:10A4400000BF00BF00F050FA9DF8180001280CD1A1
:10A450001348C07D20B929461BA0FEF7F7FD07E091
:10A4600029461BA0FEF7F2FD02E018A0FEF7EEFD64
:10A470000B4890F8EC0088B10948D0F8F0000A21A8
:10A48000B0FBF1F201FB12070548D0F8F000B0FB79
:10A49000F1F83A46414611A0FEF7D8FD00BFCBE6E1
:10A4A000600100200D0A25732800000025630000CC
:10A4B00025730000256C75003058255800000000F9
:10A4C0002C000000290000003D256C753B0D0A00A2
:10A4D0003D305825583B0D0A0000000046756E635C
:10A4E00074696F6E2052756E2054696D653A2564EB
:10A4F0002E2531646D730D0A00000000F0B503468F
:10A500001546002000220026002455E01F782C2F3D
:10A5100001D104B901221F78292F01D01F780FB96A
:10A5200004B94AE0002E34D11F78302F02DB1F78A7
:10A53000392F11DD1F78612F02DB1F78662F0BDDAD
:10A540001F78412F02DB1F78462F05DD1F78582F1B
:10A5500002D01F78782F0CD102B12EE01F78612F26
:10A5600003DB1F78203F0F7001E01F780F70491C3C
:10A570001FE01F78222F04D102B11EE00126012422
:10A5800017E01F78202F14D01F782C2F11D0FF2612
:10A5900013E01F78222F00D1002402B10DE044B156
:10A5A0001F785C2F02D15B1C471CF8B21F780F701C
:10A5B000491C471CF8B25B1CA8E700BF00270F70BE
:10A5C0002E70F0BD10B50446002010700BE020780E
:10A5D0000870641C491C1078401C10701078984258
:10A5E00001DB012010BD2078202802D0207800282F
:10A5F000EDD10020087000BFF4E700002DE9FF4F07
:10A6000085B08046894600270020049003900120F1
:10A6100002904FF0000B002544461DE020782028D2
:10A6200016D005F07F00052812DA0DB945F0800537
:10A6300005F07F00042803D120782A2800D00EE0FE
:10A64000207805F07F010DF80100681CC5B202E01A
:10A65000852D00D103E0641C20780028DED100BFE6
:10A660008DB1002005F07F010DF8010051A1684671
:10A6700000F062FA18B900210898017002E0012187
:10A680000898017000254FF0000A444614E0641C4D
:10A690000AF1010000F0FF0A2078202802D020787B
:10A6A0002A2809D1204600F0D7F90646282E03D0E3
:10A6B0002A2E01D0CDF810A02078282802D02078AA
:10A6C0000028E4D14446049810B10498401C044486
:10A6D0004FF0000A002654E0207810B94FF0010A2C
:10A6E00050E02078282803D116B9781CC7B213E0AF
:10A6F0002078292808D13EB917B1781EC7B201E0E9
:10A700004FF0010A47B93DE02078222804D10EB964
:10A71000012000E00020064647B9207820282FD0ED
:10A72000207889F8000009F1010929E020782C2817
:10A7300004D101200290681CC5B214E020782028C2
:10A7400011D0207828280ED04DB9BBF1050F06DABC
:10A7500020780DF80B000BF1010000F0FF0B0298C0
:10A76000401CC0B20290012F0AD10298022807D1E2
:10A770000298401CC0B202900398401CC0B20390E3
:10A78000641CA9E700BF0398012809D100200DF837
:10A790000B0008A1684600F0CFF908B9002003902B
:10A7A000079903980870002089F80000504609B006
:10A7B000BDE8F08F766F6964000000002DE9F0437A
:10A7C000B5B005460F460024002604E000213D48B0
:10A7D0008155701CC6B20A2EF8DB06E06D1C287885
:10A7E00018B9012035B0BDE8F08328782828F5D1C4
:10A7F0006D1C61E034AA69462846FFF77FFE0646D5
:10A8000035449DF8D00020B1012827D0FF284CD135
:10A8100049E09DF8000000B333A9684600F027F92D
:10A8200006460EB10220DDE7204600F04DF825492E
:10A830000A31339A0A50A1F12400008B0121A14072
:10A84000884320491A39088304211E480155601C99
:10A85000C4B20A2C01DD0320C4E726E0684600F0FC
:10A8600087F9401C00F0FF08204600F02DF815493C
:10A870000A3100EB01094946684600F06EF91148BB
:10A880001A38018B0120A040014388B20D491A39C2
:10A8900008830C4800F80480601CC4B20A2C01DD57
:10A8A00003209FE701E002209CE700BF28782928C9
:10A8B00001D0287800B900E09CE700BF3C70002080
:10A8C00090E700007A01002002460020002105E008
:10A8D000044B5B5C0344D8B24B1CD9B29142F7DB0A
:10A8E000704700007A01002010B501210D48FDF7E6
:10A8F00096FD012808D10C48D0F8F0004FF6FF7102
:10A9000008440949C1F8F0000648FDF785FD0649ED
:10A91000D1F8F01008440449C1F8F0000846D0F816
:10A92000F00010BD000800406001002010B5044692
:10A9300004EBC40000EB04100122C2EB800081B2E2
:10A940004FF47A70FDF7D4FD01200149C87510BDA0
:10A950006001002010B50246012000E050430B1EAC
:10A96000A1F10104E1B2F9D110BD000010B501213F
:10A970000848FDF73FFD4FF6FF710648FDF772FDF1
:10A9800000210448FDF770FD00200349C1F8F000E4
:10A9900010BD0000000800406001002070B51D4897
:10A9A000008800F40040002833D01A4805780020C1
:10A9B00019494855194881681748884704461CB901
:10A9C0001649C868804721E0134800F0DDF80546C5
:10A9D000012D00D02C46CCB1012C06D0022C08D081
:10A9E000032C0AD0042C10D10BE00DA0FEF72EFB97
:10A9F0000BE00EA0FEF72AFB07E00FA0FEF726FBF8
:10AA000003E010A0FEF722FB00BF00BF00200149B9
:10AA1000088070BD4C0000209602002060010020DC
:10AA2000BAAFCAFDB4EDCEF3210D0A00B2CECAFD15
:10AA3000B4EDCEF3210D0A00B2CECAFDCCABB6E028
:10AA4000210D0A00CEB4D5D2B5BDC6A5C5E4B5C4A6
:10AA5000BAAFCAFD210D0A000146491C00E0491C9D
:10AA60000878202801D10029F9D1087870472DE90C
:10AA7000F04307460E4600254FF00A083C460020EA
:10AA800030601FE02078392802DC207830280ADA8C
:10AA90002078462802DC2078412804DA20785828DB
:10AAA00009D1012D07D12078412801DB4FF0100892
:10AAB000681CC5B205E0207800B904E00120BDE8BB
:10AAC000F083641CDEE700BF3C46B8F1100F0FD1E5
:10AAD000032D01DA0220F2E72078302806D16078D1
:10AAE000582803D1A41CA81EC5B204E00320E6E741
:10AAF0000DB90420E3E71BE00DB1681EC5B2207854
:10AB0000392806DC2078302803DB2078A0F13009D2
:10AB100002E02078A0F1370929464046FFF71AFFE6
:10AB2000316809FB00103060641C207800B900E037
:10AB3000E2E700BF0020C2E702460AE010780B7887
:10AB4000984201D001207047107800B902E0521CF1
:10AB5000491CF3E700BF0020F5E706E002780A7021
:10AB6000027802B902E0401C491CF7E700BF7047B9
:10AB70000146002005E00A7802B903E0421CD0B289
:10AB8000491CF8E700BF704710B58CB004461E237F
:10AB90000BAA03A92046FFF715FD0090009810B1FD
:10ABA00001200CB010BD9DF82C00044400200B9037
:10ABB0000EE040489DF82C2050F8221003A8FFF723
:10ABC000BBFF00B908E09DF82C00401CC0B20B9000
:10ABD0009DF82C000728ECD300BF9DF82C00072817
:10ABE00063D2DFE800F004053C5E6564630000BFEB
:10ABF00031A0FEF72BFA31A0FEF728FA3FA0FEF7AE
:10AC000025FA4EA0FEF722FA5CA0FEF71FFA6BA011
:10AC1000FEF71CFA79A0FEF719FA86A0FEF716FADD
:10AC20008BA0FEF713FA90A0FEF710FA94A0FEF79F
:10AC30000DFA99A0FEF70AFA9EA0FEF707FAA4A063
:10AC4000FEF704FAB0A0FEF701FABDA0FEF7FEF988
:10AC5000C8A0FEF7FBF9D4A0FEF7F8F99AE216A017
:10AC6000FEF7F4F9E0A0FEF7F1F900200B900EE0FA
:10AC7000ED4800689DF82C2000EBC2004168EBA075
:10AC8000FEF7E4F99DF82C00401CC0B20B90E6489A
:10AC9000007D9DF82C108842EADC07A0FEF7D6F96B
:10ACA00078E205A0FEF7D2F9C4E171E245E219E2CB
:10ACB000ECE10000240100200D0A00002D2D2D2DB7
:10ACC0002D2D2D2D2D2D2D2D2D2D2D2D2D2D2D2DB4
:10ACD0002D2D2D2D55534D4152542056332E312DAF
:10ACE0002D2D2D2D2D2D2D2D2D2D2D2D2D2D2D2D94
:10ACF0002D2D2D2D2D2D2D200D0A00002020202062
:10AD000055534D415254CAC7D3C9414C49454E547D
:10AD1000454BBFAAB7A2B5C4D2BBB8F6C1E9C7C9F3
:10AD2000B5C4B4AEBFDAB5F7CAD4BBA5BDBBD7E9CD
:10AD3000BCFE2CCDA8B9FD200D0A0000CBFC2CC414
:10AD4000E3BFC9D2D4CDA8B9FDB4AEBFDAD6FACA32
:10AD5000D6B5F7D3C3B3CCD0F2C0EFC3E6B5C4C801
:10AD6000CEBACEBAAFCAFD2CB2A2D6B4D0D02ED2B3
:10AD7000F2B4CB2CC4E3BFC90D0A0000D2D4CBE699
:10AD8000D2E2B8FCB8C4BAAFCAFDB5C4CAE4C8EBD5
:10AD9000B2CECAFD28D6A7B3D6CAFDD7D628313041
:10ADA0002F3136BDF8D6C629A1A2D7D6B7FBB4AE8F
:10ADB000A1A2BAAFCAFDC8EB0D0A0000BFDAB5D830
:10ADC000D6B7B5C8D7F7CEAAB2CECAFD292CB5A53D
:10ADD000B8F6BAAFCAFDD7EEB6E0D6A7B3D63130D3
:10ADE000B8F6CAE4C8EBB2CECAFD2CB2A2D6A7B35D
:10ADF000D6BAAFCAFDB7B5200D0A0000BBD8D6B58C
:10AE0000CFD4CABE2ED0C2D4F6B2CECAFDCFD4CAD9
:10AE1000BEBDF8D6C6C9E8D6C3B9A6C4DC2CD0C21C
:10AE2000D4F6BDF8D6C6D7AABBBBB9A6C4DC2E0DD6
:10AE30000A000000BCBCCAF5D6A7B3D63A7777772C
:10AE40002E6F70656E6564762E636F6D0D0A00005F
:10AE500055534D415254D3D037B8F6CFB5CDB3C3C7
:10AE6000FCC1EE3A0D0A00003F3A202020202020AD
:10AE7000BBF1C8A1B0EFD6FAD0C5CFA20D0A000031
:10AE800068656C703A202020BBF1C8A1B0EFD6FAFB
:10AE9000D0C5CFA20D0A00006C6973743A2020203F
:10AEA000BFC9D3C3B5C4BAAFCAFDC1D0B1ED0D0A95
:10AEB0000A00000069643A2020202020BFC9D3C3C3
:10AEC000BAAFCAFDB5C44944C1D0B1ED0D0A0A00FC
:10AED0006865783A20202020B2CECAFD3136BDF810
:10AEE000D6C6CFD4CABE2CBAF3B8FABFD5B8F12BA8
:10AEF000CAFDD7D6BCB4D6B4D0D0BDF8D6C6D7AA72
:10AF0000BBBB0D0A0A0000006465633A20202020C4
:10AF1000B2CECAFD3130BDF8D6C6CFD4CABE2CBA27
:10AF2000F3B8FABFD5B8F12BCAFDD7D6BCB4D6B4A6
:10AF3000D0D0BDF8D6C6D7AABBBB0D0A0A00000008
:10AF400072756E74696D653A312CBFAAC6F4BAAFDA
:10AF5000CAFDD4CBD0D0BCC6CAB13B302CB9D8B115
:10AF6000D5BAAFCAFDD4CBD0D0BCC6CAB13B0D0A4E
:10AF70000A000000C7EBB0B4D5D5B3CCD0F2B1E035
:10AF8000D0B4B8F1CABDCAE4C8EBBAAFCAFDC3FBBE
:10AF9000BCB0B2CECAFDB2A2D2D4BBD8B3B5BCFC51
:10AFA000BDE1CAF82E0D0A002D2D2D2D2D2D2D2D94
:10AFB0002D2D2D2D2D2D2D2D2D2D2D2D2D2D2D2DC1
:10AFC0002D2D414C49454E54454B2D2D2D2D2D2DCC
:10AFD0002D2D2D2D2D2D2D2D2D2D2D2D2D2D2D2DA1
:10AFE0002D2D2D200D0A00002D2D2D2D2D2D2D2D3B
:10AFF0002D2D2D2D2D2D2D2D2D2D2D2D2D2D2D2D81
:10B000002DBAAFCAFDC7E5B5A52D2D2D2D2D2D2DA2
:10B010002D2D2D2D2D2D2D2D2D2D2D2D2D2D2D2D60
:10B020002D2D2D2D200D0A006001002025730D0A05
:10B030000000000059A0FEF709F800200B901AE06C
:10B04000664909689DF82C2001EBC20101AB02AAF8
:10B05000486803A9FFF7D2FA604800689DF82C10F1
:10B0600050F8312003A95EA0FDF7F0FF9DF82C00F9
:10B07000401CC0B20B905948007D9DF82C108842AE
:10B08000DEDCAFF2CC30FDF7E1FF83E0AFF2D83089
:10B09000FDF7DCFF0BAA03A92046FFF72FFA9DF866
:10B0A0002C00C8B9694603A8FFF7E1FC0B909DF896
:10B0B0002C0020B94FA00099FDF7C8FF0EE09DF8C5
:10B0C0002C00042801D002206BE54DA0FDF7BEFF47
:10B0D00001204249C87501E0022062E547A0FDF762
:10B0E000B5FF57E045A0FDF7B1FF0BAA03A9204625
:10B0F000FFF704FA9DF82C00C8B9694603A8FFF7CA
:10B10000B6FC0B909DF82C0020B942A00099FDF7E9
:10B110009DFF0EE09DF82C00042801D0022040E5A0
:10B120003FA0FDF793FF00202C49C87501E00220E5
:10B1300037E532A0FDF78AFF2CE030A0FDF786FF4F
:10B140000BAA03A92046FFF7D9F99DF82C00C8B92E
:10B15000694603A8FFF78BFC0B909DF82C0078B98B
:10B160001E49009881F8EC00084690F8EC0018B1F0
:10B1700030A0FDF76BFF07E035A0FDF767FF03E0A8
:10B1800002200EE502200CE51CA0FDF75FFF01E0A8
:10B19000012006E500BF002003E500002D2D2D2D28
:10B1A0002D2D2D2D2D2D2D2D2D2D2D2D2D2D2D2DCF
:10B1B0002D2D2D2D2DBAAFCAFD204944202D2D2D2A
:10B1C0002D2D2D2D2D2D2D2D2D2D2D2D2D2D2D2DAF
:10B1D0002D2D2D2D2D2D2D2D200D0A00600100204F
:10B1E00025732069642069733A0D0A305825303878
:10B1F000580D0A004845583A305825580D0A0000A5
:10B200003136BDF8D6C6B2CECAFDCFD4CABE210DE6
:10B210000A0000004445433A256C750D0A00000001
:10B220003130BDF8D6C6B2CECAFDCFD4CABE210DCC
:10B230000A00000052756E2054696D652043616CF0
:10B2400063756C6174696F6E204F4E0D0A000000CB
:10B2500052756E2054696D652043616C63756C6135
:10B2600074696F6E204F46460D0A000001607047FA
:10B2700000C1814001C0804101C0804100C18140C6
:10B2800001C0804100C1814000C1814001C08041B6
:10B2900001C0804100C1814000C1814001C08041A6
:10B2A00000C1814001C0804101C0804100C1814096
:10B2B00001C0804100C1814000C1814001C0804186
:10B2C00000C1814001C0804101C0804100C1814076
:10B2D00000C1814001C0804101C0804100C1814066
:10B2E00001C0804100C1814000C1814001C0804156
:10B2F00001C0804100C1814000C1814001C0804146
:10B3000000C1814001C0804101C0804100C1814035
:10B3100000C1814001C0804101C0804100C1814025
:10B3200001C0804100C1814000C1814001C0804115
:10B3300000C1814001C0804101C0804100C1814005
:10B3400001C0804100C1814000C1814001C08041F5
:10B3500001C0804100C1814000C1814001C08041E5
:10B3600000C1814001C0804101C0804100C18140D5
:10B3700000C0C101C30302C2C60607C705C5C40495
:10B38000CC0C0DCD0FCFCE0E0ACACB0BC90908C805
:10B39000D81819D91BDBDA1A1EDEDF1FDD1D1CDCF5
:10B3A00014D4D515D71716D6D21213D311D1D01065
:10B3B000F03031F133F3F23236F6F737F53534F455
:10B3C0003CFCFD3DFF3F3EFEFA3A3BFB39F9F838C5
:10B3D00028E8E929EB2B2AEAEE2E2FEF2DEDEC2CB5
:10B3E000E42425E527E7E62622E2E323E12120E025
:10B3F000A06061A163A3A26266A6A767A56564A415
:10B400006CACAD6DAF6F6EAEAA6A6BAB69A9A86884
:10B4100078B8B979BB7B7ABABE7E7FBF7DBDBC7C74
:10B42000B47475B577B7B67672B2B373B17170B0E4
:10B4300050909151935352929656579755959454D4
:10B440009C5C5D9D5F9F9E5E5A9A9B5B9959589844
:10B45000884849894B8B8A4A4E8E8F4F8D4D4C8C34
:10B4600044848545874746868242438341818040A4
:10B470004FBB610567ACDD3F182D4454FB21E93F0C
:10B480009BF681D20B73EF3F182D4454FB21F93FFB
:10B49000E2652F227F2B7A3C075C143326A6813C81
:10B4A000BDCBF07A8807703C075C143326A6913C2C
:10B4B000C4EB98999999C9BF711623FEC671BCBF98
:10B4C0006D9A74AFF2B0B3BF9AFDDE522DDEADBF00
:10B4D0002F6C6A2C44B4A2BF0D5555555555D53F18
:10B4E000FF8300922449C23F6E204CC5CD45B73F33
:10B4F000513DD0A0660DB13FEB0D76244B7BA93FAB
:10B5000011DA22E33AAD903F000000000000000095
:10B510003F000000646563006964000072756E742A
:10B52000696D650068656C70000000006C6973747B
:10B530000000000068657800766F696420777269A2
:10B5400074655F616464722875333220616464726B
:10B550002C7533322076616C29000000753332205F
:10B56000726561645F61646472287533322061645E
:10B5700064722900766F69642064656C61795F6D1F
:10B580007328753136206E6D73290000766F6964FB
:10B590002064656C61795F757328753332206E7530
:10B5A00073290000C4B50008000000205802000004
:10B5B0000408000860B600085802002008060000D1
:10B5C000F0990008E122017C7A030A0E00081402B7
:10B5D000030406070809000B1BC0F9A4B099928266
:10B5E000F88090DA08020123CBA00F021C5A0E014A
:10B5F000952122A512069A690EBA050E12040216AA
:10B60000693921B909C114DDA503FCFFFD7735199E
:10B61000F999FD1310B51B0824041A2C041A1804F8
:10B620001A34041A14041A1C041355A11B085C08CC
:10B63000136DB21B08380813E99E1B087408132108
:10B640009F1B088C0813400114202DA91B08792882
:10B650001329A21B089D0C0A15048E01CC000000C2
:040000050800018965
:00000001FF
